,,,,,,,,,,,,,,,,,,,,,,,,,,,,,,,,,,,,,,,,,,,,,,,,,,,,,,,,,,,,,,,,,,,,,,,,,,,,,,,,,,,,,,,,,,,,,,,,,,,,,,,,,,,,,,,,,,,,,,,,,,,,,,,,,,,,,,,,,,,,,,,,,,,,,,,,,,,,,,,,,,,,,,,,,,,,,,,,,,,,,,,,,,,,,,,,,,,,,,,,,,,,,,,,,,,,
Mapping - ArchivesSpace Resource record SECTION,Resource Identifying Information,Resource Identifying Information,Resource Identifying Information,Archival Object Context Information,Archival Object Basic Information,Archival Object Basic Information,Archival Object Basic Information,Archival Object Basic Information,Archival Object Basic Information,Archival Object Basic Information,Archival Object Basic Information,Archival Object Basic Information,Language,Language,Language,Language,Language,Language,Language,Language,Language,Language,Language,Language,Language,Language,Language,Language,Dates,Dates,Dates,Dates,Dates,Dates,Dates (2),Dates (2),Dates (2),Dates(2),Dates (2),Dates (2),Dates (3),Dates (3),Dates (3),Dates(3),Dates (3),Dates (3),Dates (4),Dates (4),Dates (4),Dates(4),Dates (4),Dates (4),Dates (5),Dates (5),Dates (5),Dates(5),Dates 53),Dates (5),Extent information,Extent information,Extent information,Extent information,Extent information,Extent information,Extent information,Extent information,Extent information,Extent information,Extent information,Extent information,Container information,Container information,Container information,Container information,Container information,Container information,Container information,Container information,Container information,Container information,Container information,Container information,Container information,Container information,Container information,Container information,Digital Object,Digital Object,Digital Object,Digital Object,Digital Object,Digital Object,Digital Object,Agent Links,Agent Links,Agent Links,Agent Links,Agent Links,Agent Links,Agent Links,Agent Links,Agent Links,Agent Links,Agent Links,Agent Links,Agent Links,Agent Links,Agent Links,Agent Links,Agent Links,Agent Links,Agent Links,Agent Links,Agent Links,Agent Links,Agent Links,Agent Links,Agent Links,Agent Links,Agent Links,Agent Links,Agent Links,Agent Links,Agent Links,Agent Links,Agent Links,Agent Links,Agent Links,Agent Links,Agent Links,Agent Links,Agent Links,Agent Links,Subjects,Subjects,Subjects,Subjects,Subjects,Subjects,Subjects,Subjects,Subjects,Subjects,Subjects,Subjects,Subjects,Subjects,Subjects,Subjects,Subjects,Subjects,Subjects,Subjects,Subjects,Subjects,Subjects,Subjects,Notes,Notes,Notes,Notes,Notes,Notes,Notes,Notes,Notes,Notes,Notes,Notes,Notes,Notes,Notes,Notes,Notes,Notes,Notes,Notes,Notes,Notes,Notes,Notes,Notes,Notes,Notes,Notes,Notes,Notes,Notes,Notes,Notes,Notes,Notes,Notes,Notes,Notes,Notes,Notes,Notes,Notes,Notes,Notes,Notes,Notes,Notes,Notes,Notes,Notes,Notes,Notes,Notes,Notes,
Mapping - ArchivesSpace Resource record FIELD with comments,"The Resource ""Identifier"", aka collection-level unit_id, OR, could be internal resource record number from URL.",EAD ID -- REQUIRED IF NO URI,Resource URI REQUIRED IF NO EAD ID,Ref ID (aka component id attribute),Title,Unit_id,"Hierarchical relationship of new component to context object. 1=the first level of archival objects, 2=second level, 3=third level, etc.  1 would indicate a sibling of the selected Arch. Obj (or the top level Arch. Obj. in a Resource that does not have any); 2 indicates a child, etc.","Level of Description:series,  item, file, etc. (CONTROLLED LIST)",,Publish (true/false) (NOTE: the selected value will apply to all publish elements in records or structures created by this row.),Restrictions Apply (true/false),Respository Processing Note,Language (controlled value list),Language Script (controlled value list),Language of Material Note,Publish Language Note,Language(2) (controlled value list),Language Script(2) (controlled value list),Language of Material Note(2),Publish Language Note(2),Language(3) (controlled value list),Language Script(3) (controlled value list),Language of Material Note(3),Publish Language Note(4),Language(4) (controlled value list),Language Script(4) (controlled value list),Language of Material Note(4),Publish Language Note(4),Dates label (default: Creation),Begin Year,End Year,"Dates Type: bulk, single, inclusive (default inclusive) (CONTROLLED LIST)",Date expression,Date certainty (CONTROLLED LIST; Default: blank),Dates label (default: Creation),Begin Year,End Year,"Dates Type: bulk, single, inclusive (default inclusive) (CONTROLLED LIST)",Date expression,Date certainty (CONTROLLED LIST; Default: blank),Dates label (default: Creation),Begin Year,End Year,"Dates Type: bulk, single, inclusive (default inclusive) (CONTROLLED LIST)",Date expression,Date certainty (CONTROLLED LIST; Default: blank),Dates label (default: Creation),Begin Year,End Year,"Dates Type: bulk, single, inclusive (default inclusive) (CONTROLLED LIST)",Date expression,Date certainty (CONTROLLED LIST; Default: blank),Dates label (default: Creation),Begin Year,End Year,"Dates Type: bulk, single, inclusive (default inclusive) (CONTROLLED LIST)",Date expression,Date certainty (CONTROLLED LIST; Default: blank),"Extent portion Default: ""whole""",Extent number,Extent type,Container Summary,Extent Physical Details,Physical Dimensions,"Extent portion Default: ""whole""",Extent number,Extent type,Container Summary,Extent Physical Details,Physical Dimensions,"instance type: Accession, Audio, Books, etc.","A container type: box, drawer, etc.","The container indicator (e.g., number)",barcode,Child container type,"Child  indicator (e.g., number)",Grandchild Container type," Grandchild indicator (e.g., number)","instance type: Accession, Audio, Books, etc.","A container type: box, drawer, etc.","The container indicator (e.g., number)",barcode,Child container type,"Child  indicator (e.g., number)",Grandchild Container type," Grandchild indicator (e.g., number)",Digital Object Identifier (Leave this blank to get a default system-assigned Digital Object Identifier that is based on the Archival Object Ref ID. Or enter a custom identifier here to override the default. Custom identifier must be unique within ArchivesSpace.  Note that Digital Object Identifiers are not exported in the EAD.) ,Digital Object Title (defaults to Archive_object title),Publish Digital Object (FALSE/TRUE)  (Note that Publish value will be inherited by each File Version in addition to being set on the Digital Object record. Leave this blank to get the default value FALSE.),"Linked-to Digital Object (URL) (onRequest,new)",Publish linked-to digital object?,"Thumbnail (onLoad, embed)",Publish thumbnail?,"Person Agent Record ID (The numeric suffix on the URL of the Agent record, e.g., 9921 for  https://arstaffqa.hul.harvard.edu/agents/agent_person/9921","Person Agent Header String (The bold text that appears immediately above the ""Basic Information"" in an Agent record display.)",Person Agent Role (Default: Creator),Person Agent Relator (see http://www.loc.gov/marc/relators/relaterm.html ),"Person Agent Record ID (The numeric suffix on the URL of the Agent record, e.g., 9921 for  https://arstaffqa.hul.harvard.edu/agents/agent_person/9921","Person Agent Header String (The bold text that appears immediately above the ""Basic Information"" in an Agent record display.)",Person Agent Role (Default: Creator),Person Agent Relator ,"Person Agent Record ID (The numeric suffix on the URL of the Agent record, e.g., 9921 for  https://arstaffqa.hul.harvard.edu/agents/agent_person/9921","Person Agent Header String (The bold text that appears immediately above the ""Basic Information"" in an Agent record display.)",Person Agent Role (Default: Creator),Person Agent Relator,"Person Agent Record ID (The numeric suffix on the URL of the Agent record, e.g., 9921 for  https://arstaffqa.hul.harvard.edu/agents/agent_person/9921","Person Agent Header String (The bold text that appears immediately above the ""Basic Information"" in an Agent record display.)",Person Agent Role (Default: Creator),Person Agent Relator,"Person Agent Record ID (The numeric suffix on the URL of the Agent record, e.g., 9921 for  https://arstaffqa.hul.harvard.edu/agents/agent_person/9921","Person Agent Header String (The bold text that appears immediately above the ""Basic Information"" in an Agent record display.)",Person Agent Role (Default: Creator),Person Agent Relator,Family Agent Record ID,"Family Agent Header String (The bold text that appears immediately above the ""Basic Information"" in an Agent record display.)",Family Agent Role (Default: Creator),Family Agent Relator,Family Agent Record ID,"Family Agent Header String (The bold text that appears immediately above the ""Basic Information"" in an Agent record display.)",Family Agent Role (Default: Creator),Family Agent Relator,Corporate Agent Record ID,"Creator Corporate Agent Header String (The bold text that appears immediately above the ""Basic Information"" in an Agent record display.)",Corporate Agent Role (Default: Creator),Creator CorporateRelator,Corporate Agent Record ID,"Creator Corporate Agent Header String (The bold text that appears immediately above the ""Basic Information"" in an Agent record display.)",Corporate Agent Role (Default: Creator),Creator CorporateRelator,Corporate Agent Record ID,"Creator Corporate Agent Header String (The bold text that appears immediately above the ""Basic Information"" in an Agent record display.)",Corporate Agent Role (Default: Creator),Creator CorporateRelator,"Subject Record ID (The numeric suffix on the URL of the Subject record, e.g., 13597 for  https://arstaffqa.hul.harvard.edu/subjects/13597",Subject Term,Subject Type (Default: 'topical'),"Subject Source (If the subject term is created through this ingest, the source will  default to ""Unspecified ingested source"" unless the supplied Source value exactly matches an existing  controlled Source term.)","Subject Record ID (The numeric suffix on the URL of the Subject record, e.g., 13597 for  https://arstaffqa.hul.harvard.edu/subjects/13597",Subject Term,Subject Type (Default: 'topical'),"Subject Source (If the subject term is created through this ingest, the source will  default to ""Unspecified ingested source"" unless the supplied Source value exactly matches an existing  controlled Source term.)","Subject Record ID (The numeric suffix on the URL of the Subject record, e.g., 13597 for  https://arstaffqa.hul.harvard.edu/subjects/13597",Subject Term,Subject Type (Default: 'topical'),"Subject Source (If the subject term is created through this ingest, the source will  default to ""Unspecified ingested source"" unless the supplied Source value exactly matches an existing  controlled Source term.)","Subject Record ID (The numeric suffix on the URL of the Subject record, e.g., 13597 for  https://arstaffqa.hul.harvard.edu/subjects/13597",Subject Term,Subject Type (Default: 'topical'),"Subject Source (If the subject term is created through this ingest, the source will  default to ""Unspecified ingested source"" unless the supplied Source value exactly matches an existing  controlled Source term.)","Subject Record ID (The numeric suffix on the URL of the Subject record, e.g., 13597 for  https://arstaffqa.hul.harvard.edu/subjects/13597",Subject Term,Subject Type (Default: 'topical'),"Subject Source (If the subject term is created through this ingest, the source will  default to ""Unspecified ingested source"" unless the supplied Source value exactly matches an existing  controlled Source term.)","Subject Record ID (The numeric suffix on the URL of the Subject record, e.g., 13597 for  https://arstaffqa.hul.harvard.edu/subjects/13597",Subject Term,Subject Type (Default: 'topical'),"Subject Source (If the subject term is created through this ingest, the source will  default to ""Unspecified ingested source"" unless the supplied Source value exactly matches an existing  controlled Source term.)",Note with Type=Abstract,Publish (true/false) Abstract,Label Abstract,Note with Type=Conditions Governing Access,Publish (true/false) Access Restrictions,Label Access Restrictions,Restriction Begin,Restriction End,Access Restrictions Type,Note with Type=Immediate Source of Acquisition,Publish (true/false) Immediate Source of Acquisition,Label Acquisition Information,Note with Type=Arrangement,Publish (true/false) Arrangement,Label Arrangement,Note with Type=Biographical / Historical,Publish (true/false) Biographical History,Label Biographical History,Note with Type=Custodial History,Publish (true/false)Custodial History,Label Custodial History,Note with Type=Dimensions,Publish (true/false) Dimensions,Label Dimensions,Note with Type=General,Publish (true/false) General,physical details,Note with Type=Physical Description,Publish (true/false) Physical Description,Label Physical Description,Note with Type=Physical Facet,Publish (true/false) Physical Facet,Label Physical Facet,Note with Type=Physical Location,Publish (true/false)Physical Location,Label Physical Location,Note with Type=Preferred Citation,Publish (true/false)Preferred Citation,Label Preferred Citation,Note with Type=Processing Information,Publish (true/false)Process Info?,Label Processing Information,Note with Type=Related Materials,Publish (true/false) Related Materials?,Label Related Materials,Note with Type=Scope and Contents,Publish (true/false) Scope and contents?,Label Scope and Contents,Note with Type=Separated Materials,Publish (true/false) Separated Materials,Label Separated Materials,Note with Type=Conditions Governing Use,Publish (true/false) Conditions Governing Use,Label Use Restrictions,
ArchivesSpace field code (please don't edit this row),collection_id,ead,res_uri,ref_id,title,unit_id,hierarchy,level,other_level,publish,restrictions_flag,processing_note,l_lang,l_langscript,n_langmaterial,p_langmaterial,l_lang_2,l_langscript_2,n_langmaterial_2,p_langmaterial_2,l_lang_3,l_langscript_3,n_langmaterial_3,p_langmaterial_3,l_lang_4,l_langscript_4,n_langmaterial_4,p_langmaterial_4,dates_label,begin,end,date_type,expression,date_certainty,dates_label_2,begin_2,end_2,date_type_2,expression_2,date_certainty_2,dates_label_3,begin_3,end_3,date_type_3,expression_3,date_certainty_3,dates_label_4,begin_4,end_4,date_type_4,expression_4,date_certainty_4,dates_label_5,begin_5,end_5,date_type_5,expression_5,date_certainty_5,portion,number,extent_type,container_summary,physical_details,dimensions,portion_2,number_2,extent_type_2,container_summary_2,physical_details_2,dimensions_2,cont_instance_type,type_1,indicator_1,barcode,type_2,indicator_2,type_3,indicator_3,cont_instance_type_2,type_1_2,indicator_1_2,barcode_2,type_2_2,indicator_2_2,type_3_2,indicator_3_2,digital_object_id,digital_object_title,digital_object_publish,digital_object_link,digital_object_link_publish,thumbnail,thumbnail_publish,people_agent_record_id_1,people_agent_header_1,people_agent_role_1,people_agent_relator_1,people_agent_record_id_2,people_agent_header_2,people_agent_role_2,people_agent_relator_2,people_agent_record_id_3,people_agent_header_3,people_agent_role_3,people_agent_relator_3,people_agent_record_id_4,people_agent_header_4,people_agent_role_4,people_agent_relator_4,people_agent_record_id_5,people_agent_header_5,people_agent_role_5,people_agent_relator_5,families_agent_record_id_1,families_agent_header_1,families_agent_role_1,families_agent_relator_1,families_agent_record_id_2,families_agent_header_2,families_agent_role_2,families_agent_relator_2,corporate_entities_agent_record_id_1,corporate_entities_agent_header_1,corporate_entities_agent_role_1,corporate_entities_agent_relator_1,corporate_entities_agent_record_id_2,corporate_entities_agent_header_2,corporate_entities_agent_role_2,corporate_entities_agent_relator_2,corporate_entities_agent_record_id_3,corporate_entities_agent_header_3,corporate_entities_agent_role_3,corporate_entities_agent_relator_3,subject_1_record_id,subject_1_term,subject_1_type,subject_1_source,subject_2_record_id,subject_2_term,subject_2_type,subject_2_source,subject_3_record_id,subject_3_term,subject_3_type,subject_3_source,subject_4_record_id,subject_4_term,subject_4_type,subject_4_source,subject_5_record_id,subject_5_term,subject_5_type,subject_5_source,subject_6_record_id,subject_6_term,subject_6_type,subject_6_source,n_abstract,p_abstract,l_abstract,n_accessrestrict,p_accessrestrict,l_accessrestrict,b_accessrestrict,e_accessrestrict,t_accessrestrict,n_acqinfo,p_acqinfo,l_acqinfo,n_arrangement,p_arrangement,l_arrangement,n_bioghist,p_bioghist,l_bioghist,n_custodhist,p_custodhist,l_custodhist,n_dimensions,p_dimensions,l_dimensions,n_odd,p_odd,l_odd,n_physdesc,p_physdesc,l_physdesc,n_physfacet,p_physfacet,l_physfacet,n_physloc,p_physloc,l_physloc,n_prefercite,p_prefercite,l_prefercite,n_processinfo,p_processinfo,l_processinfo,n_relatedmaterial,p_relatedmaterial,l_relatedmaterial,n_scopecontent,p_scopecontent,l_scopecontent,n_separatedmaterial,p_separatedmaterial,l_separatedmaterial,n_userestrict,p_userestrict,l_userestrict,
Field name ,Resource Identifier,EAD ID,Resource URI,Ref ID ,Title,Component Unique Identifier,Hierarchical Relationship,Description Level,Other Level,Publish?,Restrictions Apply?,Processing Note,Language,Script,Language Note,Publish?,Language(2),Script(2),Language Note(2),Publish?,Language(3),Script (3),Language Note (3),Publish?,Language(4),Script (4),Language Note (4),Publish?,Date(1) Label,Date(1) Begin,Date(1) end,Date(1) Type,Date(1) expression,Date(1) Certainty,Date(2) Label,Date(2) Begin,Date(2) end,Date(2) Type,Date(2) expression,Date(2) Certainty,Date(3) Label,Date(3) Begin,Date(3) end,Date(3) Type,Date(3) expression,Date(3) Certainty,Date(4) Label,Date(4) Begin,Date(4) end,Date(4) Type,Date(4) expression,Date(4) Certainty,Date(5) Label,Date(5) Begin,Date(5) end,Date(5) Type,Date(5) expression,Date(5) Certainty,Extent portion,Extent number,"Extent type: cubic feet, cds, etc.",Container Summary,Physical Details,Dimensions,Extent portion(2),Extent number(2),"Extent type(2): cubic feet, cds, etc.",Container Summary(2),Physical Details(2),Dimensions(2),Container Instance Type,Top Container type,Top Container [indicator],barcode,Child type,Child indicator,Grandchild type,Grandchild indicator,Container Instance Type(2),Top Container type(2),Top Container [indicator](2),barcode(2),Child type(2),Child indicator(2),Grandchild type(2),Grandchild indicator(2),Digital Object ID,Digital Object Title,Publish Digital Object Record,URL of Linked-out digital object,Publish,URL of thumbnail,Publish,Agent (1) Record ID,Agent(1) header string,Agent(1) Role,Agent(1) Relator,Agent(2) Record ID,Agent(2) header string,Agent(2) Role,Agent(2) Relator,Agent(3) Record ID,Agent(3) header string,Agent(3) Role,Agent(3) Relator,Agent(4) Record ID,Agent(4) header string,Agent(4) Role,Agent(4) Relator,Agent(5) Record ID,Agent(5) header string,Agent(5) Role,Agent(5) Relator,Family Agent(1) Record ID,Family Agent(1) header string,Family Agent(1) Role,Family Agent(1) Relator,Family Agent(2) Record ID,Family Agent(2) header string,Family Agent(2) Role,Family Agent(2) Relator,Corporate Agent Record ID(1),Corporate Agent header string(1),Corporate Agent Role(1),CorporateRelator(1),Corporate Agent Record ID(2),Corporate Agent header string(2),Corporate Agent Role(2),CorporateRelator(2),Corporate Agent Record ID(3),Corporate Agent header string(3),Corporate Agent Role(3),CorporateRelator(3),Subject (1) Record ID,Subject (1) Term,Subject (1) Type,Subject (1) Source,Subject (2) Record ID,Subject (2) Term,Subject (2) Type,Subject (2) Source,Subject (3) Record ID,Subject (3) Term,Subject (3) Type,Subject (3) Source,Subject (4) Record ID,Subject (4) Term,Subject (4) Type,Subject (4) Source,Subject (5) Record ID,Subject (5) Term,Subject (5) Type,Subject (5) Source,Subject (6) Record ID,Subject (6) Term,Subject (6) Type,Subject (6) Source,Abstract,Publish Abstract,Label Abstract,Access Restrictions,Publish Access Restrictions,Label Access Restrictions,Access Restrictions Begin Date,Access Restrictions End Date,Access Restrictions Type,Acquisition Information,Publish Acquisition Information?,Label Acquisition Information,Arrangement,Publish Arrangement?,Label Arrangement,Biography/History,Publish Biographical History?,Label Biographical History,Custodial History,Publish Custodial History?,Label Custodial History,Dimensions,Publish Dimensions?,Label Dimensions,General,Publish General?,Label General,Physical Description,Publish Physical Description?,Label Physical Description,Physical Facet,Publish Physical Facet?,Label Physical Facet,Physical Location,Publish Physical Location?,Label Physical Location,Preferred Citation,Publish Preferred Citation?,Label Preferred Citation,Processing Information,Publish Process Info?,Label Processing Information,Related Materials,Publish Related materials?,Label Related Materials,Scope and Contents,Publish Scope and contents?,Label Scope and Contents,Separated Materials,Publish Separated Materials?,Label Separated Materials,Use Restrictions,Publish Use Restrictions?,Label Use Restrictions,
,,mt839rq8746,,Finalpleasandclemencypleas,Final pleas and clemency pleas,,1,Series,,1,,,,,,,,,,,,,,,,,,,,,,,,,,,,,,,,,,,,,,,,,,,,,,,,,,111,item(s),,,,,,,,,,,,,,,,,,,,,,,,,,,,,,,,,,,,,,,,,,,,,,,,,,,,,,,,,,,,,,,,,,,,,,,,,,,,,,,,,,,,,,,,,,,,,,,,,,,,,,,,,,,,,,,,,,,,,,,,,,,,,,,,,,,,,,,,,,,,,,,,,,,,,,,
,,mt839rq8746,,Folders,Folders,,2,Sub-Series,,1,,,,,,,,,,,,,,,,,,,,,,,,,,,,,,,,,,,,,,,,,,,,,,,,,,111,item(s),,,,,,,,,,,,,,,,,,,,,,,,,,,,,,,,,,,,,,,,,,,,,,,,,,,,,,,,,,,,,,,,,,,,,,,,,,,,,,,,,,,,,,,,,,,,,,,,,,,,,,,,,,,,,,,,,,,,,,,,,,,,,,,,,,,,,,,,,,,,,,,,,,,,,,,
,,mt839rq8746,,tv250jy3119,Final Plea: Martin BORMANN,H-1242,3,Item,,1,,,,,,,,,,,,,,,,,,,,,,,,,,,,,,,,,,,,,,,,,,,,,,,,,,1,item(s),32 pages,Folders,,,,,,,,text,Box,11,,,,,,,,,,,,,,,,,https://purl.stanford.edu/tv250jy3119,1,,,,,,,,,,,,,,,,,,,,,,,,,,,,,,,,,,,,,,,,,,,85043413,English language,function,lcsh,,,,,,,,,,,,,,,,,,,,,,,,,,,,,,,,,"PRELIMINARY NOTES TO FINAL PLEAS: The Final Pleas listed below have various titles on the cover pages, such as Final Plea: Closing Arguments, Final Pleading, Final Pleadings, Plea, Pleadings, Plaidoyer, the Case of.",1,,,,,,,,,,,pp. 1-30 plus cover page,1,,,,,,,,,,,,,,,,,,,,,1,,,,,,,,
,,mt839rq8746,,mh268gc5566,Final Plea: Karl DOENITZ (and Erich RAEDER),H-1243,3,Item,,1,,,,,,,,,,,,,,,,,,,,,,,,,,,,,,,,,,,,,,,,,,,,,,,,,,1,item(s),107 pages,Folders,,,,,,,,text,Box,11,,,,,,,,,,,,,,,,,https://purl.stanford.edu/mh268gc5566,1,,,,,,,,,,,,,,,,,,,,,,,,,,,,,,,,,,,,,,,,,,,85043413,English language,function,lcsh,,,,,,,,,,,,,,,,,,,,,,,,,,,,,,,,,"PRELIMINARY NOTES TO FINAL PLEAS: The Final Pleas listed below have various titles on the cover pages, such as Final Plea: Closing Arguments, Final Pleading, Final Pleadings, Plea, Pleadings, Plaidoyer, the Case of.",1,,,,,,,,,,,pp. 1-105 plus cover page,1,,,,,,,,,,,,,,,,,,,,,1,,,,,,,,
,,mt839rq8746,,bd242mm0815,Final Plea: Hans FRANK,H-1244,3,Item,,1,,,,,,,,,,,,,,,,,,,,,,,,,,,,,,,,,,,,,,,,,,,,,,,,,,1,item(s),66 pages,Folders,,,,,,,,text,Box,11,,,,,,,,,,,,,,,,,https://purl.stanford.edu/bd242mm0815,1,,,,,,,,,,,,,,,,,,,,,,,,,,,,,,,,,,,,,,,,,,,85043413,English language,function,lcsh,,,,,,,,,,,,,,,,,,,,,,,,,,,,,,,,,"PRELIMINARY NOTES TO FINAL PLEAS: The Final Pleas listed below have various titles on the cover pages, such as Final Plea: Closing Arguments, Final Pleading, Final Pleadings, Plea, Pleadings, Plaidoyer, the Case of.",1,,,,,,,,,,,pp. 1-63 plus cover page,1,,,,,,,,,,,,,,,,,,,,,1,,,,,,,,
,,mt839rq8746,,mm142bb2810,Final Plea: Wilhelm FRICK,H-1245,3,Item,,1,,,,,,,,,,,,,,,,,,,,,,,,,,,,,,,,,,,,,,,,,,,,,,,,,,1,item(s),47 pages,Folders,,,,,,,,text,Box,11,,,,,,,,,,,,,,,,,https://purl.stanford.edu/mm142bb2810,1,,,,,,,,,,,,,,,,,,,,,,,,,,,,,,,,,,,,,,,,,,,85043413,English language,function,lcsh,,,,,,,,,,,,,,,,,,,,,,,,,,,,,,,,,"PRELIMINARY NOTES TO FINAL PLEAS: The Final Pleas listed below have various titles on the cover pages, such as Final Plea: Closing Arguments, Final Pleading, Final Pleadings, Plea, Pleadings, Plaidoyer, the Case of.",1,,,,,,,,,,,pp. 1-46,1,,,,,,,,,,,,,,,,,,,,,1,,,,,,,,
,,mt839rq8746,,zy082mp9418,Final Plea: Hans FRITZSCHE,H-1246,3,Item,,1,,,,,,,,,,,,,,,,,,,,,,,,,,,,,,,,,,,,,,,,,,,,,,,,,,1,item(s),82 pages,Folders,,,,,,,,text,Box,11,,,,,,,,,,,,,,,,,https://purl.stanford.edu/zy082mp9418,1,,,,,,,,,,,,,,,,,,,,,,,,,,,,,,,,,,,,,,,,,,,85043413,English language,function,lcsh,,,,,,,,,,,,,,,,,,,,,,,,,,,,,,,,,"PRELIMINARY NOTES TO FINAL PLEAS: The Final Pleas listed below have various titles on the cover pages, such as Final Plea: Closing Arguments, Final Pleading, Final Pleadings, Plea, Pleadings, Plaidoyer, the Case of.",1,,,,,,,,,,,pp. 1-75 plus cover page,1,,,,,,,,,,,,,,,,,,,,,1,,,,,,,,
,,mt839rq8746,,nd249kj2244,Final Plea: Walter FUNK,H-1247,3,Item,,1,,,,,,,,,,,,,,,,,,,,,,,,,,,,,,,,,,,,,,,,,,,,,,,,,,1,item(s),74 pages,Folders,,,,,,,,text,Box,11,,,,,,,,,,,,,,,,,https://purl.stanford.edu/nd249kj2244,1,,,,,,,,,,,,,,,,,,,,,,,,,,,,,,,,,,,,,,,,,,,85043413,English language,function,lcsh,,,,,,,,,,,,,,,,,,,,,,,,,,,,,,,,,"PRELIMINARY NOTES TO FINAL PLEAS: The Final Pleas listed below have various titles on the cover pages, such as Final Plea: Closing Arguments, Final Pleading, Final Pleadings, Plea, Pleadings, Plaidoyer, the Case of.",1,,,,,,,,,,,pp. 1-73,1,,,,,,,,,,,,,,,,,,,,,1,,,,,,,,
,,mt839rq8746,,wc751wx4070,Final Plea: Hermann GOERING,H-1248,3,Item,,1,,,,,,,,,,,,,,,,,,,,,,,,,,,,,,,,,,,,,,,,,,,,,,,,,,1,item(s),86 pages,Folders,,,,,,,,text,Box,11,,,,,,,,,,,,,,,,,https://purl.stanford.edu/wc751wx4070,1,,,,,,,,,,,,,,,,,,,,,,,,,,,,,,,,,,,,,,,,,,,85043413,English language,function,lcsh,,,,,,,,,,,,,,,,,,,,,,,,,,,,,,,,,"PRELIMINARY NOTES TO FINAL PLEAS: The Final Pleas listed below have various titles on the cover pages, such as Final Plea: Closing Arguments, Final Pleading, Final Pleadings, Plea, Pleadings, Plaidoyer, the Case of.",1,,,,,,,,,,,pp. 1-74 plus cover page,1,,,,,,,,,,,,,,,,,,,,,1,,,,,,,,
,,mt839rq8746,,gq445pd5721,Final Plea: Alfred JODL,H-1249,3,Item,,1,,,,,,,,,,,,,,,,,,,,,,,,,,,,,,,,,,,,,,,,,,,,,,,,,,1,item(s),127 pages,Folders,,,,,,,,text,Box,11,,,,,,,,,,,,,,,,,https://purl.stanford.edu/gq445pd5721,1,,,,,,,,,,,,,,,,,,,,,,,,,,,,,,,,,,,,,,,,,,,85043413,English language,function,lcsh,,,,,,,,,,,,,,,,,,,,,,,,,,,,,,,,,"PRELIMINARY NOTES TO FINAL PLEAS: The Final Pleas listed below have various titles on the cover pages, such as Final Plea: Closing Arguments, Final Pleading, Final Pleadings, Plea, Pleadings, Plaidoyer, the Case of.",1,,,,,,,,,,,pp. 1-124 plus cover page,1,,,,,,,,,,,,,,,,,,,,,1,,,,,,,,
,,mt839rq8746,,dg351vv7450,Final Plea: Ernst KALTENBRUNNER,H-1250,3,Item,,1,,,,,,,,,,,,,,,,,,,,,,,,,,,,,,,,,,,,,,,,,,,,,,,,,,1,item(s),41 pages,Folders,,,,,,,,text,Box,11,,,,,,,,,,,,,,,,,https://purl.stanford.edu/dg351vv7450,1,,,,,,,,,,,,,,,,,,,,,,,,,,,,,,,,,,,,,,,,,,,85043413,English language,function,lcsh,,,,,,,,,,,,,,,,,,,,,,,,,,,,,,,,,"PRELIMINARY NOTES TO FINAL PLEAS: The Final Pleas listed below have various titles on the cover pages, such as Final Plea: Closing Arguments, Final Pleading, Final Pleadings, Plea, Pleadings, Plaidoyer, the Case of.",1,,,,,,,,,,,pp. 1-34,1,,,,,,,,,,,,,,,,,,,,,1,,,,,,,,
,,mt839rq8746,,dd131mv0855,Final Plea: Wilhelm KEITEL,H-1251,3,Item,,1,,,,,,,,,,,,,,,,,,,,,,,,,,,,,,,,,,,,,,,,,,,,,,,,,,1,item(s),205 pages,Folders,,,,,,,,text,Box,11,,,,,,,,,,,,,,,,,https://purl.stanford.edu/dd131mv0855,1,,,,,,,,,,,,,,,,,,,,,,,,,,,,,,,,,,,,,,,,,,,85043413,English language,function,lcsh,,,,,,,,,,,,,,,,,,,,,,,,,,,,,,,,,"PRELIMINARY NOTES TO FINAL PLEAS: The Final Pleas listed below have various titles on the cover pages, such as Final Plea: Closing Arguments, Final Pleading, Final Pleadings, Plea, Pleadings, Plaidoyer, the Case of.",1,,,,,,,,,,,pp. 1-195 plus two-page Key,1,,,,,,,,,,,,,,,,,,,,,1,,,,,,,,
,,mt839rq8746,,fn044kv0949,Final Plea: Constantin von NEURATH,H-1252,3,Item,,1,,,,,,,,,,,,,,,,,,,,,,,,,,,,,,,,,,,,,,,,,,,,,,,,,,1,item(s),161 pages,Folders,,,,,,,,text,Box,11,,,,,,,,,,,,,,,,,https://purl.stanford.edu/fn044kv0949,1,,,,,,,,,,,,,,,,,,,,,,,,,,,,,,,,,,,,,,,,,,,85043413,English language,function,lcsh,,,,,,,,,,,,,,,,,,,,,,,,,,,,,,,,,"PRELIMINARY NOTES TO FINAL PLEAS: The Final Pleas listed below have various titles on the cover pages, such as Final Plea: Closing Arguments, Final Pleading, Final Pleadings, Plea, Pleadings, Plaidoyer, the Case of.",1,,,,,,,,,,,pp. 1-158 plus cover page and one page of notes,1,,,,,,,,,,,,,,,,,,,,,1,,,,,,,,
,,mt839rq8746,,xz411qh8886,Final Plea: Franz von PAPEN,H-1253,3,Item,,1,,,,,,,,,,,,,,,,,,,,,,,,,,,,,,,,,,,,,,,,,,,,,,,,,,1,item(s),73 pages,Folders,,,,,,,,text,Box,11,,,,,,,,,,,,,,,,,https://purl.stanford.edu/xz411qh8886,1,,,,,,,,,,,,,,,,,,,,,,,,,,,,,,,,,,,,,,,,,,,85043413,English language,function,lcsh,,,,,,,,,,,,,,,,,,,,,,,,,,,,,,,,,"PRELIMINARY NOTES TO FINAL PLEAS: The Final Pleas listed below have various titles on the cover pages, such as Final Plea: Closing Arguments, Final Pleading, Final Pleadings, Plea, Pleadings, Plaidoyer, the Case of.",1,,,,,,,,,,,pp. 1-71 plus cover page,1,,,,,,,,,,,,,,,,,,,,,1,,,,,,,,
,,mt839rq8746,,cm969kz0525,Final Plea: Erich RAEDER,H-1254,3,Item,,1,,,,,,,,,,,,,,,,,,,,,,,,,,,,,,,,,,,,,,,,,,,,,,,,,,1,item(s),110 pages,Folders,,,,,,,,text,Box,11,,,,,,,,,,,,,,,,,https://purl.stanford.edu/cm969kz0525,1,,,,,,,,,,,,,,,,,,,,,,,,,,,,,,,,,,,,,,,,,,,85043413,English language,function,lcsh,,,,,,,,,,,,,,,,,,,,,,,,,,,,,,,,,"PRELIMINARY NOTES TO FINAL PLEAS: The Final Pleas listed below have various titles on the cover pages, such as Final Plea: Closing Arguments, Final Pleading, Final Pleadings, Plea, Pleadings, Plaidoyer, the Case of.",1,,,,,,,,,,,pp. 1-106 plus cover page,1,,,,,,,,,,,,,,,,,,,,,1,,,,,,,,
,,mt839rq8746,,vw435mw1053,Final Plea: Joachim von RIBBENTROP,H-1255,3,Item,,1,,,,,,,,,,,,,,,,,,,,,,,,,,,,,,,,,,,,,,,,,,,,,,,,,,1,item(s),98 pages,Folders,,,,,,,,text,Box,11,,,,,,,,,,,,,,,,,https://purl.stanford.edu/vw435mw1053,1,,,,,,,,,,,,,,,,,,,,,,,,,,,,,,,,,,,,,,,,,,,85043413,English language,function,lcsh,,,,,,,,,,,,,,,,,,,,,,,,,,,,,,,,,"PRELIMINARY NOTES TO FINAL PLEAS: The Final Pleas listed below have various titles on the cover pages, such as Final Plea: Closing Arguments, Final Pleading, Final Pleadings, Plea, Pleadings, Plaidoyer, the Case of.",1,,,,,,,,,,,pp. 1-95 plus cover page and one-page Table of Contents,1,,,,,,,,,,,,,,,,,,,,,1,,,,,,,,
,,mt839rq8746,,cw789qd8362,Final Plea: Alfred ROSENBERG,H-1256,3,Item,,1,,,,,,,,,,,,,,,,,,,,,,,,,,,,,,,,,,,,,,,,,,,,,,,,,,1,item(s),93 pages,Folders,,,,,,,,text,Box,11,,,,,,,,,,,,,,,,,https://purl.stanford.edu/cw789qd8362,1,,,,,,,,,,,,,,,,,,,,,,,,,,,,,,,,,,,,,,,,,,,85043413,English language,function,lcsh,,,,,,,,,,,,,,,,,,,,,,,,,,,,,,,,,"PRELIMINARY NOTES TO FINAL PLEAS: The Final Pleas listed below have various titles on the cover pages, such as Final Plea: Closing Arguments, Final Pleading, Final Pleadings, Plea, Pleadings, Plaidoyer, the Case of.",1,,,,,,,,,,,pp. 3-86 plus cover page,1,,,,,,,,,,,,,,,,,,,,,1,,,,,,,,
,,mt839rq8746,,gq717qw1161,Final Plea: Fritz SAUCKEL,H-1257,3,Item,,1,,,,,,,,,,,,,,,,,,,,,,,,,,,,,,,,,,,,,,,,,,,,,,,,,,1,item(s),79 pages,Folders,,,,,,,,text,Box,11,,,,,,,,,,,,,,,,,https://purl.stanford.edu/gq717qw1161,1,,,,,,,,,,,,,,,,,,,,,,,,,,,,,,,,,,,,,,,,,,,85043413,English language,function,lcsh,,,,,,,,,,,,,,,,,,,,,,,,,,,,,,,,,"PRELIMINARY NOTES TO FINAL PLEAS: The Final Pleas listed below have various titles on the cover pages, such as Final Plea: Closing Arguments, Final Pleading, Final Pleadings, Plea, Pleadings, Plaidoyer, the Case of.",1,,,,,,,,,,,pp. 1-78,1,,,,,,,,,,,,,,,,,,,,,1,,,,,,,,
,,mt839rq8746,,qw541py7362,Final Plea: Hjalmar SCHACHT,H-1258,3,Item,,1,,,,,,,,,,,,,,,,,,,,,,,,,,,,,,,,,,,,,,,,,,,,,,,,,,1,item(s),73 pages,Folders,,,,,,,,text,Box,11,,,,,,,,,,,,,,,,,https://purl.stanford.edu/qw541py7362,1,,,,,,,,,,,,,,,,,,,,,,,,,,,,,,,,,,,,,,,,,,,85043413,English language,function,lcsh,,,,,,,,,,,,,,,,,,,,,,,,,,,,,,,,,"PRELIMINARY NOTES TO FINAL PLEAS: The Final Pleas listed below have various titles on the cover pages, such as Final Plea: Closing Arguments, Final Pleading, Final Pleadings, Plea, Pleadings, Plaidoyer, the Case of.",1,,,,,,,,,,,pp. 1-65 plus cover page and three pages of inserts,1,,,,,,,,,,,,,,,,,,,,,1,,,,,,,,
,,mt839rq8746,,vw542fz6990,Final Plea: Baldur von SCHIRACH,H-1259,3,Item,,1,,,,,,,,,,,,,,,,,,,,,,,,,,,,,,,,,,,,,,,,,,,,,,,,,,1,item(s),47 pages,Folders,,,,,,,,text,Box,11,,,,,,,,,,,,,,,,,https://purl.stanford.edu/vw542fz6990,1,,,,,,,,,,,,,,,,,,,,,,,,,,,,,,,,,,,,,,,,,,,85043413,English language,function,lcsh,,,,,,,,,,,,,,,,,,,,,,,,,,,,,,,,,"PRELIMINARY NOTES TO FINAL PLEAS: The Final Pleas listed below have various titles on the cover pages, such as Final Plea: Closing Arguments, Final Pleading, Final Pleadings, Plea, Pleadings, Plaidoyer, the Case of.",1,,,,,,,,,,,pp. 1-45,1,,,,,,,,,,,,,,,,,,,,,1,,,,,,,,
,,mt839rq8746,,cj785dr7930,Final Plea: Arthur SEYSS-INQUART,H-1260,3,Item,,1,,,,,,,,,,,,,,,,,,,,,,,,,,,,,,,,,,,,,,,,,,,,,,,,,,1,item(s),95 pages,Folders,,,,,,,,text,Box,11,,,,,,,,,,,,,,,,,https://purl.stanford.edu/cj785dr7930,1,,,,,,,,,,,,,,,,,,,,,,,,,,,,,,,,,,,,,,,,,,,85043413,English language,function,lcsh,,,,,,,,,,,,,,,,,,,,,,,,,,,,,,,,,"PRELIMINARY NOTES TO FINAL PLEAS: The Final Pleas listed below have various titles on the cover pages, such as Final Plea: Closing Arguments, Final Pleading, Final Pleadings, Plea, Pleadings, Plaidoyer, the Case of.",1,,,,,,,,,,,pp. 1-93 plus cover page,1,,,,,,,,,,,,,,,,,,,,,1,,,,,,,,
,,mt839rq8746,,qt305dr9311,Final Plea: Albert SPEER,H-1261,3,Item,,1,,,,,,,,,,,,,,,,,,,,,,,,,,,,,,,,,,,,,,,,,,,,,,,,,,1,item(s),55 pages,Folders,,,,,,,,text,Box,11,,,,,,,,,,,,,,,,,https://purl.stanford.edu/qt305dr9311,1,,,,,,,,,,,,,,,,,,,,,,,,,,,,,,,,,,,,,,,,,,,85043413,English language,function,lcsh,,,,,,,,,,,,,,,,,,,,,,,,,,,,,,,,,"PRELIMINARY NOTES TO FINAL PLEAS: The Final Pleas listed below have various titles on the cover pages, such as Final Plea: Closing Arguments, Final Pleading, Final Pleadings, Plea, Pleadings, Plaidoyer, the Case of.",1,,,,,,,,,,,pp. 1-51 plus cover page,1,,,,,,,,,,,,,,,,,,,,,1,,,,,,,,
,,mt839rq8746,,bx644jw2748,Final Plea: Julius STREICHER,H-1262,3,Item,,1,,,,,,,,,,,,,,,,,,,,,,,,,,,,,,,,,,,,,,,,,,,,,,,,,,1,item(s),61 pages,Folders,,,,,,,,text,Box,11,,,,,,,,,,,,,,,,,https://purl.stanford.edu/bx644jw2748,1,,,,,,,,,,,,,,,,,,,,,,,,,,,,,,,,,,,,,,,,,,,85043413,English language,function,lcsh,,,,,,,,,,,,,,,,,,,,,,,,,,,,,,,,,"PRELIMINARY NOTES TO FINAL PLEAS: The Final Pleas listed below have various titles on the cover pages, such as Final Plea: Closing Arguments, Final Pleading, Final Pleadings, Plea, Pleadings, Plaidoyer, the Case of.",1,,,,,,,,,,,pp. 1-59 plus cover page,1,,,,,,,,,,,,,,,,,,,,,1,,,,,,,,
,,mt839rq8746,,gt447vx3801,"Plea of Dr. Jahrreiss on behalf of all Defense Counsel, on The Breach of Peace between States",H-1263,3,Item,,1,,,,,,,,,,,,,,,,,,,,,,,,,,,,,,,,,,,,,,,,,,,,,,,,,,1,item(s),77 pages,Folders,,,,,,,,text,Box,11,,,,,,,,,,,,,,,,,https://purl.stanford.edu/gt447vx3801,1,,,,,,,,,,,,,,,,,,,,,,,,,,,,,,,,,,,,,,,,,,,85043413,English language,function,lcsh,,,,,,,,,,,,,,,,,,,,,,,,,,,,,,,,,"PRELIMINARY NOTES TO FINAL PLEAS: The Final Pleas listed below have various titles on the cover pages, such as Final Plea: Closing Arguments, Final Pleading, Final Pleadings, Plea, Pleadings, Plaidoyer, the Case of.",1,,,,,,,,,,,pp. 1-76,1,,,,,,,,,,,,,,,,,,,,,1,,,,,,,,
,,mt839rq8746,,jj705bt5570,Appendices to Plea of Dr. Jahrreiss,H-1264,3,Item,,1,,,,,,,,,,,,,,,,,,,,,,,,,,,,,,,,,,,,,,,,,,,,,,,,,,1,item(s),199 pages,Folders,,,,,,,,text,Box,11,,,,,,,,,,,,,,,,,https://purl.stanford.edu/jj705bt5570,1,,,,,,,,,,,,,,,,,,,,,,,,,,,,,,,,,,,,,,,,,,,85043413,English language,function,lcsh,85051829,French language,function,lcsh,85054365,German language,function,lcsh,,,,,,,,,,,,,,,,,,,,,,,,,"PRELIMINARY NOTES TO FINAL PLEAS: The Final Pleas listed below have various titles on the cover pages, such as Final Plea: Closing Arguments, Final Pleading, Final Pleadings, Plea, Pleadings, Plaidoyer, the Case of.",1,,,,,,,,,,,pp. 1-198,1,,,,,,,,,,,,,,,,,,,,,1,,,,,,,,
,,mt839rq8746,,ks103ww4614,Final Plea: Martin BORMANN,H-1265,3,Item,,1,,,,,,,,,,,,,,,,,,,,,,,,,,,,,,,,,,,,,,,,,,,,,,,,,,1,item(s),32 pages,Folders,,,,,,,,text,Box,11,,,,,,,,,,,,,,,,,https://purl.stanford.edu/ks103ww4614,1,,,,,,,,,,,,,,,,,,,,,,,,,,,,,,,,,,,,,,,,,,,85054365,German language,function,lcsh,,,,,,,,,,,,,,,,,,,,,,,,,,,,,,,,,"PRELIMINARY NOTES TO FINAL PLEAS: The Final Pleas listed below have various titles on the cover pages, such as Final Plea: Closing Arguments, Final Pleading, Final Pleadings, Plea, Pleadings, Plaidoyer, the Case of.",1,,,,,,,,,,,pp. 1-30 plus cover page,1,,,,,,,,,,,,,,,,,,,,,1,,,,,,,,
,,mt839rq8746,,vz693ct2371,Final Plea: Karl DOENITZ (& Erich RAEDER),H-1266,3,Item,,1,,,,,,,,,,,,,,,,,,,,,,,,,,,,,,,,,,,,,,,,,,,,,,,,,,1,item(s),109 pages,Folders,,,,,,,,text,Box,11,,,,,,,,,,,,,,,,,https://purl.stanford.edu/vz693ct2371,1,,,,,,,,,,,,,,,,,,,,,,,,,,,,,,,,,,,,,,,,,,,85054365,German language,function,lcsh,,,,,,,,,,,,,,,,,,,,,,,,,,,,,,,,,"PRELIMINARY NOTES TO FINAL PLEAS: The Final Pleas listed below have various titles on the cover pages, such as Final Plea: Closing Arguments, Final Pleading, Final Pleadings, Plea, Pleadings, Plaidoyer, the Case of.",1,,,,,,,,,,,pp. 1-105 plus cover page,1,,,,,,,,,,,,,,,,,,,,,1,,,,,,,,
,,mt839rq8746,,tf060ty5144,Final Plea: Hans FRANK,H-1267,3,Item,,1,,,,,,,,,,,,,,,,,,,,,,,,,,,,,,,,,,,,,,,,,,,,,,,,,,1,item(s),65 pages,Folders,,,,,,,,text,Box,11,,,,,,,,,,,,,,,,,https://purl.stanford.edu/tf060ty5144,1,,,,,,,,,,,,,,,,,,,,,,,,,,,,,,,,,,,,,,,,,,,85054365,German language,function,lcsh,,,,,,,,,,,,,,,,,,,,,,,,,,,,,,,,,"PRELIMINARY NOTES TO FINAL PLEAS: The Final Pleas listed below have various titles on the cover pages, such as Final Plea: Closing Arguments, Final Pleading, Final Pleadings, Plea, Pleadings, Plaidoyer, the Case of.",1,,,,,,,,,,,pp. 1-63,1,,,,,,,,,,,,,,,,,,,,,1,,,,,,,,
,,mt839rq8746,,sf320jk8227,Final Plea: Wilhelm FRICK,H-1268,3,Item,,1,,,,,,,,,,,,,,,,,,,,,,,,,,,,,,,,,,,,,,,,,,,,,,,,,,1,item(s),47 pages,Folders,,,,,,,,text,Box,11,,,,,,,,,,,,,,,,,https://purl.stanford.edu/sf320jk8227,1,,,,,,,,,,,,,,,,,,,,,,,,,,,,,,,,,,,,,,,,,,,85054365,German language,function,lcsh,,,,,,,,,,,,,,,,,,,,,,,,,,,,,,,,,"PRELIMINARY NOTES TO FINAL PLEAS: The Final Pleas listed below have various titles on the cover pages, such as Final Plea: Closing Arguments, Final Pleading, Final Pleadings, Plea, Pleadings, Plaidoyer, the Case of.",1,,,,,,,,,,,pp. 1-46,1,,,,,,,,,,,,,,,,,,,,,1,,,,,,,,
,,mt839rq8746,,xg503hy2407,Final Plea: Hans FRITZSCHE,H-1269,3,Item,,1,,,,,,,,,,,,,,,,,,,,,,,,,,,,,,,,,,,,,,,,,,,,,,,,,,1,item(s),42 pages,Folders,,,,,,,,text,Box,11,,,,,,,,,,,,,,,,,https://purl.stanford.edu/xg503hy2407,1,,,,,,,,,,,,,,,,,,,,,,,,,,,,,,,,,,,,,,,,,,,85054365,German language,function,lcsh,,,,,,,,,,,,,,,,,,,,,,,,,,,,,,,,,"PRELIMINARY NOTES TO FINAL PLEAS: The Final Pleas listed below have various titles on the cover pages, such as Final Plea: Closing Arguments, Final Pleading, Final Pleadings, Plea, Pleadings, Plaidoyer, the Case of.",1,,,,,,,,,,,pp. 1-35 plus cover page (incomplete),1,,,,,,,,,,,,,,,,,,,,,1,,,,,,,,
,,mt839rq8746,,rv664sg7143,Final Plea: Walter FUNK,H-1270,3,Item,,1,,,,,,,,,,,,,,,,,,,,,,,,,,,,,,,,,,,,,,,,,,,,,,,,,,1,item(s),74 pages,Folders,,,,,,,,text,Box,11,,,,,,,,,,,,,,,,,https://purl.stanford.edu/rv664sg7143,1,,,,,,,,,,,,,,,,,,,,,,,,,,,,,,,,,,,,,,,,,,,85054365,German language,function,lcsh,,,,,,,,,,,,,,,,,,,,,,,,,,,,,,,,,"PRELIMINARY NOTES TO FINAL PLEAS: The Final Pleas listed below have various titles on the cover pages, such as Final Plea: Closing Arguments, Final Pleading, Final Pleadings, Plea, Pleadings, Plaidoyer, the Case of.",1,,,,,,,,,,,pp. 1-73,1,,,,,,,,,,,,,,,,,,,,,1,,,,,,,,
,,mt839rq8746,,hd870yq5316,Final Plea: Hermann GOERING,H-1271,3,Item,,1,,,,,,,,,,,,,,,,,,,,,,,,,,,,,,,,,,,,,,,,,,,,,,,,,,1,item(s),83 pages,Folders,,,,,,,,text,Box,11,,,,,,,,,,,,,,,,,https://purl.stanford.edu/hd870yq5316,1,,,,,,,,,,,,,,,,,,,,,,,,,,,,,,,,,,,,,,,,,,,85054365,German language,function,lcsh,,,,,,,,,,,,,,,,,,,,,,,,,,,,,,,,,"PRELIMINARY NOTES TO FINAL PLEAS: The Final Pleas listed below have various titles on the cover pages, such as Final Plea: Closing Arguments, Final Pleading, Final Pleadings, Plea, Pleadings, Plaidoyer, the Case of.",1,,,,,,,,,,,pp. 1-74 plus cover page,1,,,,,,,,,,,,,,,,,,,,,1,,,,,,,,
,,mt839rq8746,,fw078gv5804,Final Plea: Rudolf HESS,H-1272,3,Item,,1,,,,,,,,,,,,,,,,,,,,,,,,,,,,,,,,,,,,,,,,,,,,,,,,,,1,item(s),84 pages,Folders,,,,,,,,text,Box,11,,,,,,,,,,,,,,,,,https://purl.stanford.edu/fw078gv5804,1,,,,,,,,,,,,,,,,,,,,,,,,,,,,,,,,,,,,,,,,,,,85054365,German language,function,lcsh,,,,,,,,,,,,,,,,,,,,,,,,,,,,,,,,,"PRELIMINARY NOTES TO FINAL PLEAS: The Final Pleas listed below have various titles on the cover pages, such as Final Plea: Closing Arguments, Final Pleading, Final Pleadings, Plea, Pleadings, Plaidoyer, the Case of.",1,,,,,,,,,,,pp. 1-82 plus cover page,1,,,,,,,,,,,,,,,,,,,,,1,,,,,,,,
,,mt839rq8746,,ts831cc1639,Final Plea: Alfred JODL,H-1273,3,Item,,1,,,,,,,,,,,,,,,,,,,,,,,,,,,,,,,,,,,,,,,,,,,,,,,,,,1,item(s),128 pages,Folders,,,,,,,,text,Box,11,,,,,,,,,,,,,,,,,https://purl.stanford.edu/ts831cc1639,1,,,,,,,,,,,,,,,,,,,,,,,,,,,,,,,,,,,,,,,,,,,85054365,German language,function,lcsh,,,,,,,,,,,,,,,,,,,,,,,,,,,,,,,,,"PRELIMINARY NOTES TO FINAL PLEAS: The Final Pleas listed below have various titles on the cover pages, such as Final Plea: Closing Arguments, Final Pleading, Final Pleadings, Plea, Pleadings, Plaidoyer, the Case of.",1,,,,,,,,,,,pp. 1-124 plus cover page,1,,,,,,,,,,,,,,,,,,,,,1,,,,,,,,
,,mt839rq8746,,tj742py2850,Final Plea: Ernst KALTENBRUNNER,H-1274,3,Item,,1,,,,,,,,,,,,,,,,,,,,,,,,,,,,,,,,,,,,,,,,,,,,,,,,,,1,item(s),43 pages,Folders,,,,,,,,text,Box,11,,,,,,,,,,,,,,,,,https://purl.stanford.edu/tj742py2850,1,,,,,,,,,,,,,,,,,,,,,,,,,,,,,,,,,,,,,,,,,,,85054365,German language,function,lcsh,,,,,,,,,,,,,,,,,,,,,,,,,,,,,,,,,"PRELIMINARY NOTES TO FINAL PLEAS: The Final Pleas listed below have various titles on the cover pages, such as Final Plea: Closing Arguments, Final Pleading, Final Pleadings, Plea, Pleadings, Plaidoyer, the Case of.",1,,,,,,,,,,,pp. 1-34,1,,,,,,,,,,,,,,,,,,,,,1,,,,,,,,
,,mt839rq8746,,gz671xg4538,Final Plea: Wilhelm KEITEL,H-1275,3,Item,,1,,,,,,,,,,,,,,,,,,,,,,,,,,,,,,,,,,,,,,,,,,,,,,,,,,1,item(s),210 pages,Folders,,,,,,,,text,Box,11,,,,,,,,,,,,,,,,,https://purl.stanford.edu/gz671xg4538,1,,,,,,,,,,,,,,,,,,,,,,,,,,,,,,,,,,,,,,,,,,,85054365,German language,function,lcsh,,,,,,,,,,,,,,,,,,,,,,,,,,,,,,,,,"PRELIMINARY NOTES TO FINAL PLEAS: The Final Pleas listed below have various titles on the cover pages, such as Final Plea: Closing Arguments, Final Pleading, Final Pleadings, Plea, Pleadings, Plaidoyer, the Case of.",1,,,,,,,,,,,pp. 1-195 plus cover page and two-page Key,1,,,,,,,,,,,,,,,,,,,,,1,,,,,,,,
,,mt839rq8746,,xg442wk8282,Final Plea: Constantin von NEURATH,H-1276,3,Item,,1,,,,,,,,,,,,,,,,,,,,,,,,,,,,,,,,,,,,,,,,,,,,,,,,,,1,item(s),161 pages,Folders,,,,,,,,text,Box,11,,,,,,,,,,,,,,,,,https://purl.stanford.edu/xg442wk8282,1,,,,,,,,,,,,,,,,,,,,,,,,,,,,,,,,,,,,,,,,,,,85054365,German language,function,lcsh,,,,,,,,,,,,,,,,,,,,,,,,,,,,,,,,,"PRELIMINARY NOTES TO FINAL PLEAS: The Final Pleas listed below have various titles on the cover pages, such as Final Plea: Closing Arguments, Final Pleading, Final Pleadings, Plea, Pleadings, Plaidoyer, the Case of.",1,,,,,,,,,,,pp. 1-158 plus cover page,1,,,,,,,,,,,,,,,,,,,,,1,,,,,,,,
,,mt839rq8746,,fh242rs0526,Final Plea: Franz von PAPEN,H-1277,3,Item,,1,,,,,,,,,,,,,,,,,,,,,,,,,,,,,,,,,,,,,,,,,,,,,,,,,,1,item(s),73 pages,Folders,,,,,,,,text,Box,11,,,,,,,,,,,,,,,,,https://purl.stanford.edu/fh242rs0526,1,,,,,,,,,,,,,,,,,,,,,,,,,,,,,,,,,,,,,,,,,,,85054365,German language,function,lcsh,,,,,,,,,,,,,,,,,,,,,,,,,,,,,,,,,"PRELIMINARY NOTES TO FINAL PLEAS: The Final Pleas listed below have various titles on the cover pages, such as Final Plea: Closing Arguments, Final Pleading, Final Pleadings, Plea, Pleadings, Plaidoyer, the Case of.",1,,,,,,,,,,,pp. 1-71 plus cover page,1,,,,,,,,,,,,,,,,,,,,,1,,,,,,,,
,,mt839rq8746,,jq526kz1417,Final Plea: Erich RAEDER,H-1278,3,Item,,1,,,,,,,,,,,,,,,,,,,,,,,,,,,,,,,,,,,,,,,,,,,,,,,,,,1,item(s),110 pages,Folders,,,,,,,,text,Box,11,,,,,,,,,,,,,,,,,https://purl.stanford.edu/jq526kz1417,1,,,,,,,,,,,,,,,,,,,,,,,,,,,,,,,,,,,,,,,,,,,85054365,German language,function,lcsh,,,,,,,,,,,,,,,,,,,,,,,,,,,,,,,,,"PRELIMINARY NOTES TO FINAL PLEAS: The Final Pleas listed below have various titles on the cover pages, such as Final Plea: Closing Arguments, Final Pleading, Final Pleadings, Plea, Pleadings, Plaidoyer, the Case of.",1,,,,,,,,,,,pp. 1-106 plus cover page,1,,,,,,,,,,,,,,,,,,,,,1,,,,,,,,
,,mt839rq8746,,yx918vb7821,Final Plea: Joachim von RIBBENTROP,H-1279,3,Item,,1,,,,,,,,,,,,,,,,,,,,,,,,,,,,,,,,,,,,,,,,,,,,,,,,,,1,item(s),103 pages,Folders,,,,,,,,text,Box,11,,,,,,,,,,,,,,,,,https://purl.stanford.edu/yx918vb7821,1,,,,,,,,,,,,,,,,,,,,,,,,,,,,,,,,,,,,,,,,,,,85054365,German language,function,lcsh,,,,,,,,,,,,,,,,,,,,,,,,,,,,,,,,,"PRELIMINARY NOTES TO FINAL PLEAS: The Final Pleas listed below have various titles on the cover pages, such as Final Plea: Closing Arguments, Final Pleading, Final Pleadings, Plea, Pleadings, Plaidoyer, the Case of.",1,,,,,,,,,,,"pp. 1-95 plus cover page, table of contents and 4 pages Errata Sheets",1,,,,,,,,,,,,,,,,,,,,,1,,,,,,,,
,,mt839rq8746,,fg451wy0374,Final Plea: Alfred ROSENBERG,H-1280,3,Item,,1,,,,,,,,,,,,,,,,,,,,,,,,,,,,,,,,,,,,,,,,,,,,,,,,,,1,item(s),107 pages,Folders,,,,,,,,text,Box,11,,,,,,,,,,,,,,,,,https://purl.stanford.edu/fg451wy0374,1,,,,,,,,,,,,,,,,,,,,,,,,,,,,,,,,,,,,,,,,,,,85054365,German language,function,lcsh,,,,,,,,,,,,,,,,,,,,,,,,,,,,,,,,,"PRELIMINARY NOTES TO FINAL PLEAS: The Final Pleas listed below have various titles on the cover pages, such as Final Plea: Closing Arguments, Final Pleading, Final Pleadings, Plea, Pleadings, Plaidoyer, the Case of.",1,,,,,,,,,,,"pp. 1-86 plus cover page, letter of Dr. Thoma, 8 July 1946, and two-page table of contents, pp. 82a-82g, in duplicate",1,,,,,,,,,,,,,,,,,,,,,1,,,,,,,,
,,mt839rq8746,,yp025mr6666,Final Plea: Fritz SAUCKEL,H-1281,3,Item,,1,,,,,,,,,,,,,,,,,,,,,,,,,,,,,,,,,,,,,,,,,,,,,,,,,,1,item(s),80 pages,Folders,,,,,,,,text,Box,11,,,,,,,,,,,,,,,,,https://purl.stanford.edu/yp025mr6666,1,,,,,,,,,,,,,,,,,,,,,,,,,,,,,,,,,,,,,,,,,,,85054365,German language,function,lcsh,,,,,,,,,,,,,,,,,,,,,,,,,,,,,,,,,"PRELIMINARY NOTES TO FINAL PLEAS: The Final Pleas listed below have various titles on the cover pages, such as Final Plea: Closing Arguments, Final Pleading, Final Pleadings, Plea, Pleadings, Plaidoyer, the Case of.",1,,,,,,,,,,,pp. 1-78 plus cover page,1,,,,,,,,,,,,,,,,,,,,,1,,,,,,,,
,,mt839rq8746,,qz466tk7843,Final Plea: Hjalmar SCHACHT,H-1282,3,Item,,1,,,,,,,,,,,,,,,,,,,,,,,,,,,,,,,,,,,,,,,,,,,,,,,,,,1,item(s),73 pages,Folders,,,,,,,,text,Box,11,,,,,,,,,,,,,,,,,https://purl.stanford.edu/qz466tk7843,1,,,,,,,,,,,,,,,,,,,,,,,,,,,,,,,,,,,,,,,,,,,85054365,German language,function,lcsh,,,,,,,,,,,,,,,,,,,,,,,,,,,,,,,,,"PRELIMINARY NOTES TO FINAL PLEAS: The Final Pleas listed below have various titles on the cover pages, such as Final Plea: Closing Arguments, Final Pleading, Final Pleadings, Plea, Pleadings, Plaidoyer, the Case of.",1,,,,,,,,,,,pp. 1-65 plus cover sheet and 3 additional pages,1,,,,,,,,,,,,,,,,,,,,,1,,,,,,,,
,,mt839rq8746,,nr055vz2541,Final Plea: Baldur von SCHIRACH,H-1283,3,Item,,1,,,,,,,,,,,,,,,,,,,,,,,,,,,,,,,,,,,,,,,,,,,,,,,,,,1,item(s),46 pages,Folders,,,,,,,,text,Box,11,,,,,,,,,,,,,,,,,https://purl.stanford.edu/nr055vz2541,1,,,,,,,,,,,,,,,,,,,,,,,,,,,,,,,,,,,,,,,,,,,85054365,German language,function,lcsh,,,,,,,,,,,,,,,,,,,,,,,,,,,,,,,,,"PRELIMINARY NOTES TO FINAL PLEAS: The Final Pleas listed below have various titles on the cover pages, such as Final Plea: Closing Arguments, Final Pleading, Final Pleadings, Plea, Pleadings, Plaidoyer, the Case of.",1,,,,,,,,,,,pp. 1-45,1,,,,,,,,,,,,,,,,,,,,,1,,,,,,,,
,,mt839rq8746,,pz173mz3208,Final Plea: Arthur SEYSS-INQUART,H-1284,3,Item,,1,,,,,,,,,,,,,,,,,,,,,,,,,,,,,,,,,,,,,,,,,,,,,,,,,,1,item(s),95 pages,Folders,,,,,,,,text,Box,11,,,,,,,,,,,,,,,,,https://purl.stanford.edu/pz173mz3208,1,,,,,,,,,,,,,,,,,,,,,,,,,,,,,,,,,,,,,,,,,,,85054365,German language,function,lcsh,,,,,,,,,,,,,,,,,,,,,,,,,,,,,,,,,"PRELIMINARY NOTES TO FINAL PLEAS: The Final Pleas listed below have various titles on the cover pages, such as Final Plea: Closing Arguments, Final Pleading, Final Pleadings, Plea, Pleadings, Plaidoyer, the Case of.",1,,,,,,,,,,,pp. 1-93 plus cover page,1,,,,,,,,,,,,,,,,,,,,,1,,,,,,,,
,,mt839rq8746,,zx162sn6279,Final Plea: Albert SPEER,H-1285,3,Item,,1,,,,,,,,,,,,,,,,,,,,,,,,,,,,,,,,,,,,,,,,,,,,,,,,,,1,item(s),61 pages,Folders,,,,,,,,text,Box,11,,,,,,,,,,,,,,,,,https://purl.stanford.edu/zx162sn6279,1,,,,,,,,,,,,,,,,,,,,,,,,,,,,,,,,,,,,,,,,,,,85054365,German language,function,lcsh,,,,,,,,,,,,,,,,,,,,,,,,,,,,,,,,,"PRELIMINARY NOTES TO FINAL PLEAS: The Final Pleas listed below have various titles on the cover pages, such as Final Plea: Closing Arguments, Final Pleading, Final Pleadings, Plea, Pleadings, Plaidoyer, the Case of.",1,,,,,,,,,,,pp. 1-59 plus cover page,1,,,,,,,,,,,,,,,,,,,,,1,,,,,,,,
,,mt839rq8746,,ts043jj4853,Final Plea: Julius STREICHER,H-1286,3,Item,,1,,,,,,,,,,,,,,,,,,,,,,,,,,,,,,,,,,,,,,,,,,,,,,,,,,1,item(s),62 pages,Folders,,,,,,,,text,Box,11,,,,,,,,,,,,,,,,,https://purl.stanford.edu/ts043jj4853,1,,,,,,,,,,,,,,,,,,,,,,,,,,,,,,,,,,,,,,,,,,,85054365,German language,function,lcsh,,,,,,,,,,,,,,,,,,,,,,,,,,,,,,,,,"PRELIMINARY NOTES TO FINAL PLEAS: The Final Pleas listed below have various titles on the cover pages, such as Final Plea: Closing Arguments, Final Pleading, Final Pleadings, Plea, Pleadings, Plaidoyer, the Case of.",1,,,,,,,,,,,pp. 1-59 plus cover page,1,,,,,,,,,,,,,,,,,,,,,1,,,,,,,,
,,mt839rq8746,,jy889jv3924,"Plea of Dr. Jahrreiss on behalf of all Defense Counsel, on The Breach of Peace between States",H-1287,3,Item,,1,,,,,,,,,,,,,,,,,,,,,,,,,,,,,,,,,,,,,,,,,,,,,,,,,,1,item(s),77 pages,Folders,,,,,,,,text,Box,11,,,,,,,,,,,,,,,,,https://purl.stanford.edu/jy889jv3924,1,,,,,,,,,,,,,,,,,,,,,,,,,,,,,,,,,,,,,,,,,,,85054365,German language,function,lcsh,,,,,,,,,,,,,,,,,,,,,,,,,,,,,,,,,"PRELIMINARY NOTES TO FINAL PLEAS: The Final Pleas listed below have various titles on the cover pages, such as Final Plea: Closing Arguments, Final Pleading, Final Pleadings, Plea, Pleadings, Plaidoyer, the Case of.",1,,,,,,,,,,,pp. 1-76,1,,,,,,,,,,,,,,,,,,,,,1,,,,,,,,
,,mt839rq8746,,rc774qy4471,Appendices to Plea of Dr. Jahrreiss,H-1288,3,Item,,1,,,,,,,,,,,,,,,,,,,,,,,,,,,,,,,,,,,,,,,,,,,,,,,,,,1,item(s),198 pages,Folders,,,,,,,,text,Box,11,,,,,,,,,,,,,,,,,https://purl.stanford.edu/rc774qy4471,1,,,,,,,,,,,,,,,,,,,,,,,,,,,,,,,,,,,,,,,,,,,85054365,German language,function,lcsh,85043413,English language,function,lcsh,85051829,French language,function,lcsh,,,,,,,,,,,,,,,,,,,,,,,,,"PRELIMINARY NOTES TO FINAL PLEAS: The Final Pleas listed below have various titles on the cover pages, such as Final Plea: Closing Arguments, Final Pleading, Final Pleadings, Plea, Pleadings, Plaidoyer, the Case of.",1,,,,,,,,,,,pp. 1-198,1,,,,,,,,,,,,,,,,,,,,,1,,,,,,,,
,,mt839rq8746,,sw042sx1146,Final Plea: Martin BORMANN,H-1289,3,Item,,1,,,,,,,,,,,,,,,,,,,,,,,,,,,,,,,,,,,,,,,,,,,,,,,,,,1,item(s),41 pages,Folders,,,,,,,,text,Box,11,,,,,,,,,,,,,,,,,https://purl.stanford.edu/sw042sx1146,1,,,,,,,,,,,,,,,,,,,,,,,,,,,,,,,,,,,,,,,,,,,85051829,French language,function,lcsh,,,,,,,,,,,,,,,,,,,,,,,,,,,,,,,,,"PRELIMINARY NOTES TO FINAL PLEAS: The Final Pleas listed below have various titles on the cover pages, such as Final Plea: Closing Arguments, Final Pleading, Final Pleadings, Plea, Pleadings, Plaidoyer, the Case of.",1,,,,,,,,,,,pp. 1-30 plus cover page,1,,,,,,,,,,,,,,,,,,,,,1,,,,,,,,
,,mt839rq8746,,qv556pt2173,Final Plea: Karl DOENITZ (& Erich RAEDER),H-1290,3,Item,,1,,,,,,,,,,,,,,,,,,,,,,,,,,,,,,,,,,,,,,,,,,,,,,,,,,1,item(s),150 pages,Folders,,,,,,,,text,Box,11,,,,,,,,,,,,,,,,,https://purl.stanford.edu/qv556pt2173,1,,,,,,,,,,,,,,,,,,,,,,,,,,,,,,,,,,,,,,,,,,,85051829,French language,function,lcsh,,,,,,,,,,,,,,,,,,,,,,,,,,,,,,,,,"PRELIMINARY NOTES TO FINAL PLEAS: The Final Pleas listed below have various titles on the cover pages, such as Final Plea: Closing Arguments, Final Pleading, Final Pleadings, Plea, Pleadings, Plaidoyer, the Case of.",1,,,,,,,,,,,pp. 1-105 plus cover page,1,,,,,,,,,,,,,,,,,,,,,1,,,,,,,,
,,mt839rq8746,,jv565kq1889,Final Plea: Hans FRANK,H-1291,3,Item,,1,,,,,,,,,,,,,,,,,,,,,,,,,,,,,,,,,,,,,,,,,,,,,,,,,,1,item(s),82 pages,Folders,,,,,,,,text,Box,11,,,,,,,,,,,,,,,,,https://purl.stanford.edu/jv565kq1889,1,,,,,,,,,,,,,,,,,,,,,,,,,,,,,,,,,,,,,,,,,,,85051829,French language,function,lcsh,,,,,,,,,,,,,,,,,,,,,,,,,,,,,,,,,"PRELIMINARY NOTES TO FINAL PLEAS: The Final Pleas listed below have various titles on the cover pages, such as Final Plea: Closing Arguments, Final Pleading, Final Pleadings, Plea, Pleadings, Plaidoyer, the Case of.",1,,,,,,,,,,,pp. 1-63 plus cover page,1,,,,,,,,,,,,,,,,,,,,,1,,,,,,,,
,,mt839rq8746,,rx379tk0227,Final Plea: Wilhelm FRICK,H-1292,3,Item,,1,,,,,,,,,,,,,,,,,,,,,,,,,,,,,,,,,,,,,,,,,,,,,,,,,,1,item(s),81 pages,Folders,,,,,,,,text,Box,11,,,,,,,,,,,,,,,,,https://purl.stanford.edu/rx379tk0227,1,,,,,,,,,,,,,,,,,,,,,,,,,,,,,,,,,,,,,,,,,,,85051829,French language,function,lcsh,,,,,,,,,,,,,,,,,,,,,,,,,,,,,,,,,"PRELIMINARY NOTES TO FINAL PLEAS: The Final Pleas listed below have various titles on the cover pages, such as Final Plea: Closing Arguments, Final Pleading, Final Pleadings, Plea, Pleadings, Plaidoyer, the Case of.",1,,,,,,,,,,,pp. 1-46,1,,,,,,,,,,,,,,,,,,,,,1,,,,,,,,
,,mt839rq8746,,mx665ky4984,Final Plea: Hans FRITZSCHE,H-1293,3,Item,,1,,,,,,,,,,,,,,,,,,,,,,,,,,,,,,,,,,,,,,,,,,,,,,,,,,1,item(s),101 pages,Folders,,,,,,,,text,Box,11,,,,,,,,,,,,,,,,,https://purl.stanford.edu/mx665ky4984,1,,,,,,,,,,,,,,,,,,,,,,,,,,,,,,,,,,,,,,,,,,,85051829,French language,function,lcsh,,,,,,,,,,,,,,,,,,,,,,,,,,,,,,,,,"PRELIMINARY NOTES TO FINAL PLEAS: The Final Pleas listed below have various titles on the cover pages, such as Final Plea: Closing Arguments, Final Pleading, Final Pleadings, Plea, Pleadings, Plaidoyer, the Case of.",1,,,,,,,,,,,pp. 1-75 plus cover page,1,,,,,,,,,,,,,,,,,,,,,1,,,,,,,,
,,mt839rq8746,,ng495pf4021,Final Plea: Walter FUNK,H-1294,3,Item,,1,,,,,,,,,,,,,,,,,,,,,,,,,,,,,,,,,,,,,,,,,,,,,,,,,,1,item(s),91 pages,Folders,,,,,,,,text,Box,11,,,,,,,,,,,,,,,,,https://purl.stanford.edu/ng495pf4021,1,,,,,,,,,,,,,,,,,,,,,,,,,,,,,,,,,,,,,,,,,,,85051829,French language,function,lcsh,,,,,,,,,,,,,,,,,,,,,,,,,,,,,,,,,"PRELIMINARY NOTES TO FINAL PLEAS: The Final Pleas listed below have various titles on the cover pages, such as Final Plea: Closing Arguments, Final Pleading, Final Pleadings, Plea, Pleadings, Plaidoyer, the Case of.",1,,,,,,,,,,,pp. 1-74,1,,,,,,,,,,,,,,,,,,,,,1,,,,,,,,
,,mt839rq8746,,by808gz4914,Final Plea: Hermann GOERING,H-1295,3,Item,,1,,,,,,,,,,,,,,,,,,,,,,,,,,,,,,,,,,,,,,,,,,,,,,,,,,1,item(s),148 pages,Folders,,,,,,,,text,Box,11,,,,,,,,,,,,,,,,,https://purl.stanford.edu/by808gz4914,1,,,,,,,,,,,,,,,,,,,,,,,,,,,,,,,,,,,,,,,,,,,85051829,French language,function,lcsh,,,,,,,,,,,,,,,,,,,,,,,,,,,,,,,,,"PRELIMINARY NOTES TO FINAL PLEAS: The Final Pleas listed below have various titles on the cover pages, such as Final Plea: Closing Arguments, Final Pleading, Final Pleadings, Plea, Pleadings, Plaidoyer, the Case of.",1,,,,,,,,,,,pp. 1-74 plus cover page,1,,,,,,,,,,,,,,,,,,,,,1,,,,,,,,
,,mt839rq8746,,kn298qr6090,Final Plea: Alfred JODL,H-1296,3,Item,,1,,,,,,,,,,,,,,,,,,,,,,,,,,,,,,,,,,,,,,,,,,,,,,,,,,1,item(s),130 pages,Folders,,,,,,,,text,Box,11,,,,,,,,,,,,,,,,,https://purl.stanford.edu/kn298qr6090,1,,,,,,,,,,,,,,,,,,,,,,,,,,,,,,,,,,,,,,,,,,,85051829,French language,function,lcsh,,,,,,,,,,,,,,,,,,,,,,,,,,,,,,,,,"PRELIMINARY NOTES TO FINAL PLEAS: The Final Pleas listed below have various titles on the cover pages, such as Final Plea: Closing Arguments, Final Pleading, Final Pleadings, Plea, Pleadings, Plaidoyer, the Case of.",1,,,,,,,,,,,pp. 1-124 plus cover page,1,,,,,,,,,,,,,,,,,,,,,1,,,,,,,,
,,mt839rq8746,,xs508zg8506,Final Plea: Ernst KALTENBRUNNER,H-1297,3,Item,,1,,,,,,,,,,,,,,,,,,,,,,,,,,,,,,,,,,,,,,,,,,,,,,,,,,1,item(s),71 pages,Folders,,,,,,,,text,Box,11,,,,,,,,,,,,,,,,,https://purl.stanford.edu/xs508zg8506,1,,,,,,,,,,,,,,,,,,,,,,,,,,,,,,,,,,,,,,,,,,,85051829,French language,function,lcsh,,,,,,,,,,,,,,,,,,,,,,,,,,,,,,,,,"PRELIMINARY NOTES TO FINAL PLEAS: The Final Pleas listed below have various titles on the cover pages, such as Final Plea: Closing Arguments, Final Pleading, Final Pleadings, Plea, Pleadings, Plaidoyer, the Case of.",1,,,,,,,,,,,pp. 1-34,1,,,,,,,,,,,,,,,,,,,,,1,,,,,,,,
,,mt839rq8746,,qr316jm0420,Final Plea: Wilhelm KEITEL,H-1298,3,Item,,1,,,,,,,,,,,,,,,,,,,,,,,,,,,,,,,,,,,,,,,,,,,,,,,,,,1,item(s),345 pages,Folders,,,,,,,,text,Box,11,,,,,,,,,,,,,,,,,https://purl.stanford.edu/qr316jm0420,1,,,,,,,,,,,,,,,,,,,,,,,,,,,,,,,,,,,,,,,,,,,85051829,French language,function,lcsh,,,,,,,,,,,,,,,,,,,,,,,,,,,,,,,,,"PRELIMINARY NOTES TO FINAL PLEAS: The Final Pleas listed below have various titles on the cover pages, such as Final Plea: Closing Arguments, Final Pleading, Final Pleadings, Plea, Pleadings, Plaidoyer, the Case of.",1,,,,,,,,,,,"pp. 1-196 plus 18-page insertion, and 2-page key",1,,,,,,,,,,,,,,,,,,,,,1,,,,,,,,
,,mt839rq8746,,sy415jj7366,Final Plea: Constantin von NEURATH,H-1299,3,Item,,1,,,,,,,,,,,,,,,,,,,,,,,,,,,,,,,,,,,,,,,,,,,,,,,,,,1,item(s),226 pages,Folders,,,,,,,,text,Box,11,,,,,,,,,,,,,,,,,https://purl.stanford.edu/sy415jj7366,1,,,,,,,,,,,,,,,,,,,,,,,,,,,,,,,,,,,,,,,,,,,85051829,French language,function,lcsh,,,,,,,,,,,,,,,,,,,,,,,,,,,,,,,,,"PRELIMINARY NOTES TO FINAL PLEAS: The Final Pleas listed below have various titles on the cover pages, such as Final Plea: Closing Arguments, Final Pleading, Final Pleadings, Plea, Pleadings, Plaidoyer, the Case of.",1,,,,,,,,,,,pp. 1-158 plus cover page,1,,,,,,,,,,,,,,,,,,,,,1,,,,,,,,
,,mt839rq8746,,dk990pp0534,Final Plea: Franz von PAPEN,H-1300,3,Item,,1,,,,,,,,,,,,,,,,,,,,,,,,,,,,,,,,,,,,,,,,,,,,,,,,,,1,item(s),117 pages,Folders,,,,,,,,text,Box,11,,,,,,,,,,,,,,,,,https://purl.stanford.edu/dk990pp0534,1,,,,,,,,,,,,,,,,,,,,,,,,,,,,,,,,,,,,,,,,,,,85051829,French language,function,lcsh,,,,,,,,,,,,,,,,,,,,,,,,,,,,,,,,,"PRELIMINARY NOTES TO FINAL PLEAS: The Final Pleas listed below have various titles on the cover pages, such as Final Plea: Closing Arguments, Final Pleading, Final Pleadings, Plea, Pleadings, Plaidoyer, the Case of.",1,,,,,,,,,,,pp. 1-71 plus cover page,1,,,,,,,,,,,,,,,,,,,,,1,,,,,,,,
,,mt839rq8746,,dk266pc2258,Final Plea: Erich RAEDER,H-1301,3,Item,,1,,,,,,,,,,,,,,,,,,,,,,,,,,,,,,,,,,,,,,,,,,,,,,,,,,1,item(s),147 pages,Folders,,,,,,,,text,Box,11,,,,,,,,,,,,,,,,,https://purl.stanford.edu/dk266pc2258,1,,,,,,,,,,,,,,,,,,,,,,,,,,,,,,,,,,,,,,,,,,,85051829,French language,function,lcsh,,,,,,,,,,,,,,,,,,,,,,,,,,,,,,,,,"PRELIMINARY NOTES TO FINAL PLEAS: The Final Pleas listed below have various titles on the cover pages, such as Final Plea: Closing Arguments, Final Pleading, Final Pleadings, Plea, Pleadings, Plaidoyer, the Case of.",1,,,,,,,,,,,pp. 1-106 plus cover page,1,,,,,,,,,,,,,,,,,,,,,1,,,,,,,,
,,mt839rq8746,,jk797gg0035,Final Plea: Alfred ROSENBERG,H-1302,3,Item,,1,,,,,,,,,,,,,,,,,,,,,,,,,,,,,,,,,,,,,,,,,,,,,,,,,,1,item(s),164 pages,Folders,,,,,,,,text,Box,11,,,,,,,,,,,,,,,,,https://purl.stanford.edu/jk797gg0035,1,,,,,,,,,,,,,,,,,,,,,,,,,,,,,,,,,,,,,,,,,,,85051829,French language,function,lcsh,,,,,,,,,,,,,,,,,,,,,,,,,,,,,,,,,"PRELIMINARY NOTES TO FINAL PLEAS: The Final Pleas listed below have various titles on the cover pages, such as Final Plea: Closing Arguments, Final Pleading, Final Pleadings, Plea, Pleadings, Plaidoyer, the Case of.",1,,,,,,,,,,,pp. 3-86 plus cover page,1,,,,,,,,,,,,,,,,,,,,,1,,,,,,,,
,,mt839rq8746,,jg259xj6071,Final Plea: Fritz SAUCKEL,H-1303,3,Item,,1,,,,,,,,,,,,,,,,,,,,,,,,,,,,,,,,,,,,,,,,,,,,,,,,,,1,item(s),113 pages,Folders,,,,,,,,text,Box,11,,,,,,,,,,,,,,,,,https://purl.stanford.edu/jg259xj6071,1,,,,,,,,,,,,,,,,,,,,,,,,,,,,,,,,,,,,,,,,,,,85051829,French language,function,lcsh,,,,,,,,,,,,,,,,,,,,,,,,,,,,,,,,,"PRELIMINARY NOTES TO FINAL PLEAS: The Final Pleas listed below have various titles on the cover pages, such as Final Plea: Closing Arguments, Final Pleading, Final Pleadings, Plea, Pleadings, Plaidoyer, the Case of.",1,,,,,,,,,,,pp. 1-78,1,,,,,,,,,,,,,,,,,,,,,1,,,,,,,,
,,mt839rq8746,,hm620tp3472,Final Plea: Hjalmar SCHACHT,H-1304,3,Item,,1,,,,,,,,,,,,,,,,,,,,,,,,,,,,,,,,,,,,,,,,,,,,,,,,,,1,item(s),97 pages,Folders,,,,,,,,text,Box,11,,,,,,,,,,,,,,,,,https://purl.stanford.edu/hm620tp3472,1,,,,,,,,,,,,,,,,,,,,,,,,,,,,,,,,,,,,,,,,,,,85051829,French language,function,lcsh,,,,,,,,,,,,,,,,,,,,,,,,,,,,,,,,,"PRELIMINARY NOTES TO FINAL PLEAS: The Final Pleas listed below have various titles on the cover pages, such as Final Plea: Closing Arguments, Final Pleading, Final Pleadings, Plea, Pleadings, Plaidoyer, the Case of.",1,,,,,,,,,,,pp. 1-65 plus 3 additional pages,1,,,,,,,,,,,,,,,,,,,,,1,,,,,,,,
,,mt839rq8746,,yc924gd7124,Final Plea: Baldur von SCHIRACH,H-1305,3,Item,,1,,,,,,,,,,,,,,,,,,,,,,,,,,,,,,,,,,,,,,,,,,,,,,,,,,1,item(s),86 pages,Folders,,,,,,,,text,Box,11,,,,,,,,,,,,,,,,,https://purl.stanford.edu/yc924gd7124,1,,,,,,,,,,,,,,,,,,,,,,,,,,,,,,,,,,,,,,,,,,,85051829,French language,function,lcsh,,,,,,,,,,,,,,,,,,,,,,,,,,,,,,,,,"PRELIMINARY NOTES TO FINAL PLEAS: The Final Pleas listed below have various titles on the cover pages, such as Final Plea: Closing Arguments, Final Pleading, Final Pleadings, Plea, Pleadings, Plaidoyer, the Case of.",1,,,,,,,,,,,pp. 1-45,1,,,,,,,,,,,,,,,,,,,,,1,,,,,,,,
,,mt839rq8746,,vt114tb4205,Final Plea: Arthur SEYSS-INQUART,H-1306,3,Item,,1,,,,,,,,,,,,,,,,,,,,,,,,,,,,,,,,,,,,,,,,,,,,,,,,,,1,item(s),146 pages,Folders,,,,,,,,text,Box,11,,,,,,,,,,,,,,,,,https://purl.stanford.edu/vt114tb4205,1,,,,,,,,,,,,,,,,,,,,,,,,,,,,,,,,,,,,,,,,,,,85051829,French language,function,lcsh,,,,,,,,,,,,,,,,,,,,,,,,,,,,,,,,,"PRELIMINARY NOTES TO FINAL PLEAS: The Final Pleas listed below have various titles on the cover pages, such as Final Plea: Closing Arguments, Final Pleading, Final Pleadings, Plea, Pleadings, Plaidoyer, the Case of.",1,,,,,,,,,,,pp. 1-93 plus cover page,1,,,,,,,,,,,,,,,,,,,,,1,,,,,,,,
,,mt839rq8746,,cp198jm8242,Final Plea: Albert SPEER,H-1307,3,Item,,1,,,,,,,,,,,,,,,,,,,,,,,,,,,,,,,,,,,,,,,,,,,,,,,,,,1,item(s),93 pages,Folders,,,,,,,,text,Box,11,,,,,,,,,,,,,,,,,https://purl.stanford.edu/cp198jm8242,1,,,,,,,,,,,,,,,,,,,,,,,,,,,,,,,,,,,,,,,,,,,85051829,French language,function,lcsh,,,,,,,,,,,,,,,,,,,,,,,,,,,,,,,,,"PRELIMINARY NOTES TO FINAL PLEAS: The Final Pleas listed below have various titles on the cover pages, such as Final Plea: Closing Arguments, Final Pleading, Final Pleadings, Plea, Pleadings, Plaidoyer, the Case of.",1,,,,,,,,,,,pp. 1-51 plus cover page,1,,,,,,,,,,,,,,,,,,,,,1,,,,,,,,
,,mt839rq8746,,xz337zt3610,Final Plea: Julius STREICHER,H-1308,3,Item,,1,,,,,,,,,,,,,,,,,,,,,,,,,,,,,,,,,,,,,,,,,,,,,,,,,,1,item(s),71 pages,Folders,,,,,,,,text,Box,11,,,,,,,,,,,,,,,,,https://purl.stanford.edu/xz337zt3610,1,,,,,,,,,,,,,,,,,,,,,,,,,,,,,,,,,,,,,,,,,,,85051829,French language,function,lcsh,,,,,,,,,,,,,,,,,,,,,,,,,,,,,,,,,"PRELIMINARY NOTES TO FINAL PLEAS: The Final Pleas listed below have various titles on the cover pages, such as Final Plea: Closing Arguments, Final Pleading, Final Pleadings, Plea, Pleadings, Plaidoyer, the Case of.",1,,,,,,,,,,,pp. 1-59 plus cover page,1,,,,,,,,,,,,,,,,,,,,,1,,,,,,,,
,,mt839rq8746,,rj426wd7869,Final Plea: Gestapo,H-2716,3,Item,,1,,,,,,,,,,,,,,,,,,,,,,,,,,,,,,,,,,,,,,,,,,,,,,,,,,1,item(s),59 pages,Folders,,,,,,,,text,Box,16,,,,,,,,,,,,,,,,,https://purl.stanford.edu/rj426wd7869,1,,,,,,,,,,,,,,,,,,,,,,,,,,,,,,,,,,,,,,,,,,,85043413,English language,function,lcsh,,,,,,,,,,,,,,,,,,,,,,,,,,,,,,,,,"PRELIMINARY NOTES TO FINAL PLEAS: The Final Pleas in English listed below have various titles, such as Final Plea: Closing Speech: Final Pleading, Plea, Final Speech.",1,,,,,,,,,,,pp. 1-90 plus cover page,1,,,,,,,,,,,,,,,,,,,,,1,,,,,,,,
,,mt839rq8746,,nt945dq2100,Final Plea: Leadership Corps (Political Leaders),H-2717,3,Item,,1,,,,,,,,,,,,,,,,,,,,,,,,,,,,,,,,,,,,,,,,,,,,,,,,,,1,item(s),79 pages,Folders,,,,,,,,text,Box,16,,,,,,,,,,,,,,,,,https://purl.stanford.edu/nt945dq2100,1,,,,,,,,,,,,,,,,,,,,,,,,,,,,,,,,,,,,,,,,,,,85043413,English language,function,lcsh,,,,,,,,,,,,,,,,,,,,,,,,,,,,,,,,,"PRELIMINARY NOTES TO FINAL PLEAS: The Final Pleas in English listed below have various titles, such as Final Plea: Closing Speech: Final Pleading, Plea, Final Speech.",1,,,,,,,,,,,pp. 1-74,1,,,,,,,,,,,,,,,,,,,,,1,,,,,,,,
,,mt839rq8746,,bt152qg5347,Final Plea: Reich Cabinet,H-2718,3,Item,,1,,,,,,,,,,,,,,,,,,,,,,,,,,,,,,,,,,,,,,,,,,,,,,,,,,1,item(s),64 pages,Folders,,,,,,,,text,Box,16,,,,,,,,,,,,,,,,,https://purl.stanford.edu/bt152qg5347,1,,,,,,,,,,,,,,,,,,,,,,,,,,,,,,,,,,,,,,,,,,,85043413,English language,function,lcsh,,,,,,,,,,,,,,,,,,,,,,,,,,,,,,,,,"PRELIMINARY NOTES TO FINAL PLEAS: The Final Pleas in English listed below have various titles, such as Final Plea: Closing Speech: Final Pleading, Plea, Final Speech.",1,,,,,,,,,,,pp. 1-60 plus cover page,1,,,,,,,,,,,,,,,,,,,,,1,,,,,,,,
,,mt839rq8746,,hg595mt4935,Final Plea: SA,H-2719,3,Item,,1,,,,,,,,,,,,,,,,,,,,,,,,,,,,,,,,,,,,,,,,,,,,,,,,,,1,item(s),76 pages,Folders,,,,,,,,text,Box,16,,,,,,,,,,,,,,,,,https://purl.stanford.edu/hg595mt4935,1,,,,,,,,,,,,,,,,,,,,,,,,,,,,,,,,,,,,,,,,,,,85043413,English language,function,lcsh,,,,,,,,,,,,,,,,,,,,,,,,,,,,,,,,,"PRELIMINARY NOTES TO FINAL PLEAS: The Final Pleas in English listed below have various titles, such as Final Plea: Closing Speech: Final Pleading, Plea, Final Speech.",1,,,,,,,,,,,pp. 1-72 plus cover page,1,,,,,,,,,,,,,,,,,,,,,1,,,,,,,,
,,mt839rq8746,,cc555fn5287,Final Plea: SD,H-2720,3,Item,,1,,,,,,,,,,,,,,,,,,,,,,,,,,,,,,,,,,,,,,,,,,,,,,,,,,1,item(s),40 pages,Folders,,,,,,,,text,Box,16,,,,,,,,,,,,,,,,,https://purl.stanford.edu/cc555fn5287,1,,,,,,,,,,,,,,,,,,,,,,,,,,,,,,,,,,,,,,,,,,,85043413,English language,function,lcsh,,,,,,,,,,,,,,,,,,,,,,,,,,,,,,,,,"PRELIMINARY NOTES TO FINAL PLEAS: The Final Pleas in English listed below have various titles, such as Final Plea: Closing Speech: Final Pleading, Plea, Final Speech.",1,,,,,,,,,,,pp. 1-37,1,,,,,,,,,,,,,,,,,,,,,1,,,,,,,,
,,mt839rq8746,,ch253by4012,Final Plea: SS,H-2721,3,Item,,1,,,,,,,,,,,,,,,,,,,,,,,,,,,,,,,,,,,,,,,,,,,,,,,,,,1,item(s),101 pages,Folders,,,,,,,,text,Box,16,,,,,,,,,,,,,,,,,https://purl.stanford.edu/ch253by4012,1,,,,,,,,,,,,,,,,,,,,,,,,,,,,,,,,,,,,,,,,,,,85043413,English language,function,lcsh,,,,,,,,,,,,,,,,,,,,,,,,,,,,,,,,,"PRELIMINARY NOTES TO FINAL PLEAS: The Final Pleas in English listed below have various titles, such as Final Plea: Closing Speech: Final Pleading, Plea, Final Speech.",1,,,,,,,,,,,pp. 1-79 plus cover page,1,,,,,,,,,,,,,,,,,,,,,1,,,,,,,,
,,mt839rq8746,,mt515zx9029,Final Plea: General Staff,H-2722,3,Item,,1,,,,,,,,,,,,,,,,,,,,,,,,,,,,,,,,,,,,,,,,,,,,,,,,,,1,item(s),96 pages,Folders,,,,,,,,text,Box,16,,,,,,,,,,,,,,,,,https://purl.stanford.edu/mt515zx9029,1,,,,,,,,,,,,,,,,,,,,,,,,,,,,,,,,,,,,,,,,,,,85054365,German language,function,lcsh,,,,,,,,,,,,,,,,,,,,,,,,,,,,,,,,,"PRELIMINARY NOTES TO FINAL PLEAS: The Final Pleas in English listed below have various titles, such as Final Plea: Closing Speech: Final Pleading, Plea, Final Speech.",1,,,,,,,,,,,"pp. 1-91 plus 3 loose pages comprising cover page, table of contents and page of salutation",1,,,,,,,,,,,,,,,,,,,,,1,,,,,,,,
,,mt839rq8746,,rf050rg4547,Final Plea: Gestapo,H-2723,3,Item,,1,,,,,,,,,,,,,,,,,,,,,,,,,,,,,,,,,,,,,,,,,,,,,,,,,,1,item(s),99 pages,Folders,,,,,,,,text,Box,16,,,,,,,,,,,,,,,,,https://purl.stanford.edu/rf050rg4547,1,,,,,,,,,,,,,,,,,,,,,,,,,,,,,,,,,,,,,,,,,,,85054365,German language,function,lcsh,,,,,,,,,,,,,,,,,,,,,,,,,,,,,,,,,"PRELIMINARY NOTES TO FINAL PLEAS: The Final Pleas in English listed below have various titles, such as Final Plea: Closing Speech: Final Pleading, Plea, Final Speech.",1,,,,,,,,,,,pp. 1-90 plus cover page and two-page table of contents,1,,,,,,,,,,,,,,,,,,,,,1,,,,,,,,
,,mt839rq8746,,xc922np3010,Final Plea: Leadership Corps (Political Leaders),H-2724,3,Item,,1,,,,,,,,,,,,,,,,,,,,,,,,,,,,,,,,,,,,,,,,,,,,,,,,,,1,item(s),80 pages,Folders,,,,,,,,text,Box,16,,,,,,,,,,,,,,,,,https://purl.stanford.edu/xc922np3010,1,,,,,,,,,,,,,,,,,,,,,,,,,,,,,,,,,,,,,,,,,,,85054365,German language,function,lcsh,,,,,,,,,,,,,,,,,,,,,,,,,,,,,,,,,"PRELIMINARY NOTES TO FINAL PLEAS: The Final Pleas in English listed below have various titles, such as Final Plea: Closing Speech: Final Pleading, Plea, Final Speech.",1,,,,,,,,,,,pp. 1-75,1,,,,,,,,,,,,,,,,,,,,,1,,,,,,,,
,,mt839rq8746,,tq114jd2327,Final Plea: Reich Cabinet,H-2725,3,Item,,1,,,,,,,,,,,,,,,,,,,,,,,,,,,,,,,,,,,,,,,,,,,,,,,,,,1,item(s),63 pages,Folders,,,,,,,,text,Box,16,,,,,,,,,,,,,,,,,https://purl.stanford.edu/tq114jd2327,1,,,,,,,,,,,,,,,,,,,,,,,,,,,,,,,,,,,,,,,,,,,85054365,German language,function,lcsh,,,,,,,,,,,,,,,,,,,,,,,,,,,,,,,,,"PRELIMINARY NOTES TO FINAL PLEAS: The Final Pleas in English listed below have various titles, such as Final Plea: Closing Speech: Final Pleading, Plea, Final Speech.",1,,,,,,,,,,,pp. 1-60 plus cover page,1,,,,,,,,,,,,,,,,,,,,,1,,,,,,,,
,,mt839rq8746,,vh507ff6965,Final Plea: SA,H-2726,3,Item,,1,,,,,,,,,,,,,,,,,,,,,,,,,,,,,,,,,,,,,,,,,,,,,,,,,,1,item(s),76 pages,Folders,,,,,,,,text,Box,16,,,,,,,,,,,,,,,,,https://purl.stanford.edu/vh507ff6965,1,,,,,,,,,,,,,,,,,,,,,,,,,,,,,,,,,,,,,,,,,,,85054365,German language,function,lcsh,,,,,,,,,,,,,,,,,,,,,,,,,,,,,,,,,"PRELIMINARY NOTES TO FINAL PLEAS: The Final Pleas in English listed below have various titles, such as Final Plea: Closing Speech: Final Pleading, Plea, Final Speech.",1,,,,,,,,,,,pp. 1-72 plus cover page,1,,,,,,,,,,,,,,,,,,,,,1,,,,,,,,
,,mt839rq8746,,kk550xn7933,Final Plea: SD,H-2727,3,Item,,1,,,,,,,,,,,,,,,,,,,,,,,,,,,,,,,,,,,,,,,,,,,,,,,,,,1,item(s),119 pages,Folders,,,,,,,,text,Box,16,,,,,,,,,,,,,,,,,https://purl.stanford.edu/kk550xn7933,1,,,,,,,,,,,,,,,,,,,,,,,,,,,,,,,,,,,,,,,,,,,85054365,German language,function,lcsh,,,,,,,,,,,,,,,,,,,,,,,,,,,,,,,,,"PRELIMINARY NOTES TO FINAL PLEAS: The Final Pleas in English listed below have various titles, such as Final Plea: Closing Speech: Final Pleading, Plea, Final Speech.",1,,,,,,,,,,,pp. 1-115 plus cover page and one page Notes,1,,,,,,,,,,,,,,,,,,,,,1,,,,,,,,
,,mt839rq8746,,rb137zk3709,Final Plea: SD,H-2728,3,Item,,1,,,,,,,,,,,,,,,,,,,,,,,,,,,,,,,,,,,,,,,,,,,,,,,,,,1,item(s),118 pages,Folders,,,,,,,,text,Box,16,,,,,,,,,,,,,,,,,https://purl.stanford.edu/rb137zk3709,1,,,,,,,,,,,,,,,,,,,,,,,,,,,,,,,,,,,,,,,,,,,85054365,German language,function,lcsh,,,,,,,,,,,,,,,,,,,,,,,,,,,,,,,,,"PRELIMINARY NOTES TO FINAL PLEAS: The Final Pleas in English listed below have various titles, such as Final Plea: Closing Speech: Final Pleading, Plea, Final Speech.",1,,,,,,,,,,,pp. 1-115 plus cover page (bound in folder),1,,,,,,,,,,,,,,,,,,,,,1,,,,,,,,
,,mt839rq8746,,sf621fp6584,Final Plea: SD,H-2729,3,Item,,1,,,,,,,,,,,,,,,,,,,,,,,,,,,,,,,,,,,,,,,,,,,,,,,,,,1,item(s),118 pages,Folders,,,,,,,,text,Box,16,,,,,,,,,,,,,,,,,https://purl.stanford.edu/sf621fp6584,1,,,,,,,,,,,,,,,,,,,,,,,,,,,,,,,,,,,,,,,,,,,85054365,German language,function,lcsh,,,,,,,,,,,,,,,,,,,,,,,,,,,,,,,,,"PRELIMINARY NOTES TO FINAL PLEAS: The Final Pleas in English listed below have various titles, such as Final Plea: Closing Speech: Final Pleading, Plea, Final Speech.",1,,,,,,,,,,,pp. 1-115 plus cover page,1,,,,,,,,,,,,,,,,,,,,,1,,,,,,,,
,,mt839rq8746,,cy658jf4980,"a) Final Plea: SS, b) Appendix to Final Plea: SS",H-2730,3,Item,,1,,,,,,,,,,,,,,,,,,,,,,,,,,,,,,,,,,,,,,,,,,,,,,,,,,1,item(s),115 pages,Folders,,,,,,,,text,Box,16,,,,,,,,,,,,,,,,,https://purl.stanford.edu/cy658jf4980,1,,,,,,,,,,,,,,,,,,,,,,,,,,,,,,,,,,,,,,,,,,,85054365,German language,function,lcsh,,,,,,,,,,,,,,,,,,,,,,,,,,,,,,,,,"PRELIMINARY NOTES TO FINAL PLEAS: The Final Pleas in English listed below have various titles, such as Final Plea: Closing Speech: Final Pleading, Plea, Final Speech.",1,,,,,,,,,,,"(a) pp. 1-87 plus cover page, (b) pp. 1-23 plus cover page",1,,,,,,,,,,,,,,,,,,,,,1,,,,,,,,
,,mt839rq8746,,qh231yb4146,"Plea of Dr. Jahrreiss on behalf of all Defense Counsel, on the breach of peace between States",H-2731,3,Item,,1,,,,,,,,,,,,,,,,,,,,,,,,,,,,,,,,,,,,,,,,,,,,,,,,,,1,item(s),97 pages,Folders,,,,,,,,text,Box,16,,,,,,,,,,,,,,,,,https://purl.stanford.edu/qh231yb4146,1,,,,,,,,,,,,,,,,,,,,,,,,,,,,,,,,,,,,,,,,,,,85051829,French language,function,lcsh,,,,,,,,,,,,,,,,,,,,,,,,,,,,,,,,,"PRELIMINARY NOTES TO FINAL PLEAS: The Final Pleas in English listed below have various titles, such as Final Plea: Closing Speech: Final Pleading, Plea, Final Speech.",1,,,,,,,,,,,pp. 1-77,1,,,,,,,,,,,,,,,,,,,,,1,,,,,,,,
,,mt839rq8746,,fj305yy4999,Final Plea: General Staff,H-2732,3,Item,,1,,,,,,,,,,,,,,,,,,,,,,,,,,,,,,,,,,,,,,,,,,,,,,,,,,1,item(s),156 pages,Folders,,,,,,,,text,Box,16,,,,,,,,,,,,,,,,,https://purl.stanford.edu/fj305yy4999,1,,,,,,,,,,,,,,,,,,,,,,,,,,,,,,,,,,,,,,,,,,,85051829,French language,function,lcsh,,,,,,,,,,,,,,,,,,,,,,,,,,,,,,,,,"PRELIMINARY NOTES TO FINAL PLEAS: The Final Pleas in English listed below have various titles, such as Final Plea: Closing Speech: Final Pleading, Plea, Final Speech.",1,,,,,,,,,,,pp. A-C and 1-91,1,,,,,,,,,,,,,,,,,,,,,1,,,,,,,,
,,mt839rq8746,,hp473qs7537,Final Plea: Gestapo,H-2733,3,Item,,1,,,,,,,,,,,,,,,,,,,,,,,,,,,,,,,,,,,,,,,,,,,,,,,,,,1,item(s),186 pages,Folders,,,,,,,,text,Box,16,,,,,,,,,,,,,,,,,https://purl.stanford.edu/hp473qs7537,1,,,,,,,,,,,,,,,,,,,,,,,,,,,,,,,,,,,,,,,,,,,85051829,French language,function,lcsh,,,,,,,,,,,,,,,,,,,,,,,,,,,,,,,,,"PRELIMINARY NOTES TO FINAL PLEAS: The Final Pleas in English listed below have various titles, such as Final Plea: Closing Speech: Final Pleading, Plea, Final Speech.",1,,,,,,,,,,,pp. A-C and 1-90,1,,,,,,,,,,,,,,,,,,,,,1,,,,,,,,
,,mt839rq8746,,sv546rf5077,Final Plea: Leadership Corps (Political Leaders),H-2734,3,Item,,1,,,,,,,,,,,,,,,,,,,,,,,,,,,,,,,,,,,,,,,,,,,,,,,,,,1,item(s),122 pages,Folders,,,,,,,,text,Box,16,,,,,,,,,,,,,,,,,https://purl.stanford.edu/sv546rf5077,1,,,,,,,,,,,,,,,,,,,,,,,,,,,,,,,,,,,,,,,,,,,85051829,French language,function,lcsh,,,,,,,,,,,,,,,,,,,,,,,,,,,,,,,,,"PRELIMINARY NOTES TO FINAL PLEAS: The Final Pleas in English listed below have various titles, such as Final Plea: Closing Speech: Final Pleading, Plea, Final Speech.",1,,,,,,,,,,,pp. 1-75,1,,,,,,,,,,,,,,,,,,,,,1,,,,,,,,
,,mt839rq8746,,qp841qc4887,Final Plea: Reich Cabinet,H-2735,3,Item,,1,,,,,,,,,,,,,,,,,,,,,,,,,,,,,,,,,,,,,,,,,,,,,,,,,,1,item(s),119 pages,Folders,,,,,,,,text,Box,16,,,,,,,,,,,,,,,,,https://purl.stanford.edu/qp841qc4887,1,,,,,,,,,,,,,,,,,,,,,,,,,,,,,,,,,,,,,,,,,,,85051829,French language,function,lcsh,,,,,,,,,,,,,,,,,,,,,,,,,,,,,,,,,"PRELIMINARY NOTES TO FINAL PLEAS: The Final Pleas in English listed below have various titles, such as Final Plea: Closing Speech: Final Pleading, Plea, Final Speech.",1,,,,,,,,,,,pp. A and 1-60,1,,,,,,,,,,,,,,,,,,,,,1,,,,,,,,
,,mt839rq8746,,nm715dk2966,Final Plea: SA,H-2736,3,Item,,1,,,,,,,,,,,,,,,,,,,,,,,,,,,,,,,,,,,,,,,,,,,,,,,,,,1,item(s),118 pages,Folders,,,,,,,,text,Box,16,,,,,,,,,,,,,,,,,https://purl.stanford.edu/nm715dk2966,1,,,,,,,,,,,,,,,,,,,,,,,,,,,,,,,,,,,,,,,,,,,85051829,French language,function,lcsh,,,,,,,,,,,,,,,,,,,,,,,,,,,,,,,,,"PRELIMINARY NOTES TO FINAL PLEAS: The Final Pleas in English listed below have various titles, such as Final Plea: Closing Speech: Final Pleading, Plea, Final Speech.",1,,,,,,,,,,,pp. A and 1-72,1,,,,,,,,,,,,,,,,,,,,,1,,,,,,,,
,,mt839rq8746,,dy516zr6457,Final Plea: SD,H-2737,3,Item,,1,,,,,,,,,,,,,,,,,,,,,,,,,,,,,,,,,,,,,,,,,,,,,,,,,,1,item(s),204 pages,Folders,,,,,,,,text,Box,16,,,,,,,,,,,,,,,,,https://purl.stanford.edu/dy516zr6457,1,,,,,,,,,,,,,,,,,,,,,,,,,,,,,,,,,,,,,,,,,,,85051829,French language,function,lcsh,,,,,,,,,,,,,,,,,,,,,,,,,,,,,,,,,"PRELIMINARY NOTES TO FINAL PLEAS: The Final Pleas in English listed below have various titles, such as Final Plea: Closing Speech: Final Pleading, Plea, Final Speech.",1,,,,,,,,,,,pp. 1-115,1,,,,,,,,,,,,,,,,,,,,,1,,,,,,,,
,,mt839rq8746,,zk315cj4663,"a) Final Plea: SS, b) Appendix to Final Plea: SS",H-2738,3,Item,,1,,,,,,,,,,,,,,,,,,,,,,,,,,,,,,,,,,,,,,,,,,,,,,,,,,1,item(s),203 pages,Folders,,,,,,,,text,Box,16,,,,,,,,,,,,,,,,,https://purl.stanford.edu/zk315cj4663,1,,,,,,,,,,,,,,,,,,,,,,,,,,,,,,,,,,,,,,,,,,,85051829,French language,function,lcsh,,,,,,,,,,,,,,,,,,,,,,,,,,,,,,,,,"PRELIMINARY NOTES TO FINAL PLEAS: The Final Pleas in English listed below have various titles, such as Final Plea: Closing Speech: Final Pleading, Plea, Final Speech.",1,,,,,,,,,,,"(a) pp. 1-87 plus cover page, (b) pp. 1-23 plus cover page",1,,,,,,,,,,,,,,,,,,,,,1,,,,,,,,
,,mt839rq8746,,sk191kr2349,"BORMANN Clemency Plea with attachment, 2 Oct 1946",H-2764,3,Item,,1,,,,,,,,,,,,,,,,,,,creation,1946-10-02,,single,1946-10-02,inferred,,,,,,,,,,,,,,,,,,,,,,,,,,1,item(s),77 pages,Folders,,,,,,,,text,Box,16,,,,,,,,,,,,,,,,,https://purl.stanford.edu/sk191kr2349,1,,,,,,,,,,,,,,,,,,,,,,,,,,,,,,,,,,,,,,,,,,,85054365,German language,function,lcsh,85043413,English language,function,lcsh,85051829,French language,function,lcsh,85115971,Russian language,function,lcsh,,,,,,,,,,,,,,,,,,,,,"PRELIMINARY NOTES TO PROSECUTION CLOSING SPEECHES: The Prosecution Closing Speeches in English have various titles on the cover page, such as: Final Argument, Closing Statement, Final Statement, Final Speech.",1,,,,,,,,,,,"38 pages (German), 14 pages (English), 14 pages (French), 7 pages (Russian)",1,,,,,,,,,,,,,,,,,,,,,1,,,,,,,,
,,mt839rq8746,,cc352xc5090,"DOENITZ Clemency Plea with attachment, 3 Oct 1946",H-2765,3,Item,,1,,,,,,,,,,,,,,,,,,,creation,1946-10-03,,single,1946-10-03,inferred,,,,,,,,,,,,,,,,,,,,,,,,,,1,item(s),32 pages,Folders,,,,,,,,text,Box,16,,,,,,,,,,,,,,,,,https://purl.stanford.edu/cc352xc5090,1,,,,,,,,,,,,,,,,,,,,,,,,,,,,,,,,,,,,,,,,,,,85054365,German language,function,lcsh,85043413,English language,function,lcsh,85051829,French language,function,lcsh,85115971,Russian language,function,lcsh,,,,,,,,,,,,,,,,,,,,,"PRELIMINARY NOTES TO PROSECUTION CLOSING SPEECHES: The Prosecution Closing Speeches in English have various titles on the cover page, such as: Final Argument, Closing Statement, Final Statement, Final Speech.",1,,,,,,,,,,,"7 pages (German), 6 pages (English), 9 pages (French), 8 pages (Russian)",1,,,,,,,,,,,,,,,,,,,,,1,,,,,,,,
,,mt839rq8746,,qr099jv2232,"FRANK Clemency Plea, 4 Oct 1946",H-2766,3,Item,,1,,,,,,,,,,,,,,,,,,,creation,1946-10-04,,single,1946-10-04,inferred,,,,,,,,,,,,,,,,,,,,,,,,,,1,item(s),63 pages,Folders,,,,,,,,text,Box,16,,,,,,,,,,,,,,,,,https://purl.stanford.edu/qr099jv2232,1,,,,,,,,,,,,,,,,,,,,,,,,,,,,,,,,,,,,,,,,,,,85054365,German language,function,lcsh,85043413,English language,function,lcsh,85051829,French language,function,lcsh,85115971,Russian language,function,lcsh,,,,,,,,,,,,,,,,,,,,,"PRELIMINARY NOTES TO PROSECUTION CLOSING SPEECHES: The Prosecution Closing Speeches in English have various titles on the cover page, such as: Final Argument, Closing Statement, Final Statement, Final Speech.",1,,,,,,,,,,,"15 pages (German), 14 pages (English), 16 pages (French), 15 pages (Russian)",1,,,,,,,,,,,,,,,,,,,,,1,,,,,,,,
,,mt839rq8746,,pt360jb3991,"FRICK Clemency Plea, 4 Oct 1946",H-2767,3,Item,,1,,,,,,,,,,,,,,,,,,,creation,1946-10-04,,single,1946-10-04,inferred,,,,,,,,,,,,,,,,,,,,,,,,,,1,item(s),13 pages,Folders,,,,,,,,text,Box,16,,,,,,,,,,,,,,,,,https://purl.stanford.edu/pt360jb3991,1,,,,,,,,,,,,,,,,,,,,,,,,,,,,,,,,,,,,,,,,,,,85054365,German language,function,lcsh,85043413,English language,function,lcsh,85051829,French language,function,lcsh,85115971,Russian language,function,lcsh,,,,,,,,,,,,,,,,,,,,,"PRELIMINARY NOTES TO PROSECUTION CLOSING SPEECHES: The Prosecution Closing Speeches in English have various titles on the cover page, such as: Final Argument, Closing Statement, Final Statement, Final Speech.",1,,,,,,,,,,,"2 pages (German), 2 pages (English), 4 pages (French), 2 pages (Russian)",1,,,,,,,,,,,,,,,,,,,,,1,,,,,,,,
,,mt839rq8746,,fp933yz5221,"FUNK Clemency Plea, 4 Oct 1946",H-2768,3,Item,,1,,,,,,,,,,,,,,,,,,,creation,1946-10-04,,single,1946-10-04,inferred,,,,,,,,,,,,,,,,,,,,,,,,,,1,item(s),38 pages,Folders,,,,,,,,text,Box,16,,,,,,,,,,,,,,,,,https://purl.stanford.edu/fp933yz5221,1,,,,,,,,,,,,,,,,,,,,,,,,,,,,,,,,,,,,,,,,,,,85054365,German language,function,lcsh,85043413,English language,function,lcsh,85051829,French language,function,lcsh,85115971,Russian language,function,lcsh,,,,,,,,,,,,,,,,,,,,,"PRELIMINARY NOTES TO PROSECUTION CLOSING SPEECHES: The Prosecution Closing Speeches in English have various titles on the cover page, such as: Final Argument, Closing Statement, Final Statement, Final Speech.",1,,,,,,,,,,,"6 pages (German), 6 pages (English), 11 pages (French), 12 pages (Russian)",1,,,,,,,,,,,,,,,,,,,,,1,,,,,,,,
,,mt839rq8746,,yp664zj2213,"GOERING Clemency Plea, 4 Oct 1946",H-2769,3,Item,,1,,,,,,,,,,,,,,,,,,,creation,1946-10-04,,single,1946-10-04,inferred,,,,,,,,,,,,,,,,,,,,,,,,,,1,item(s),26 pages,Folders,,,,,,,,text,Box,16,,,,,,,,,,,,,,,,,https://purl.stanford.edu/yp664zj2213,1,,,,,,,,,,,,,,,,,,,,,,,,,,,,,,,,,,,,,,,,,,,85054365,German language,function,lcsh,85043413,English language,function,lcsh,85051829,French language,function,lcsh,85115971,Russian language,function,lcsh,,,,,,,,,,,,,,,,,,,,,"PRELIMINARY NOTES TO PROSECUTION CLOSING SPEECHES: The Prosecution Closing Speeches in English have various titles on the cover page, such as: Final Argument, Closing Statement, Final Statement, Final Speech.",1,,,,,,,,,,,"4 pages (German), 8 pages (English), 7 pages (French), 4 pages (Russian)",1,,,,,,,,,,,,,,,,,,,,,1,,,,,,,,
,,mt839rq8746,,sr554fm0653,"HESS Clemency Plea with attachments, 4 Oct 1946",H-2770,3,Item,,1,,,,,,,,,,,,,,,,,,,creation,1946-10-04,,single,1946-10-04,inferred,,,,,,,,,,,,,,,,,,,,,,,,,,1,item(s),311 pages,Folders,,,,,,,,text,Box,16,,,,,,,,,,,,,,,,,https://purl.stanford.edu/sr554fm0653,1,,,,,,,,,,,,,,,,,,,,,,,,,,,,,,,,,,,,,,,,,,,85054365,German language,function,lcsh,85043413,English language,function,lcsh,85051829,French language,function,lcsh,85115971,Russian language,function,lcsh,,,,,,,,,,,,,,,,,,,,,"PRELIMINARY NOTES TO PROSECUTION CLOSING SPEECHES: The Prosecution Closing Speeches in English have various titles on the cover page, such as: Final Argument, Closing Statement, Final Statement, Final Speech.",1,,,,,,,,,,,"62 pages (German), 97 pages (English), 87 pages (French), 62 pages (Russian)",1,,,,,,,,,,,,,,,,,,,,,1,,,,,,,,
,,mt839rq8746,,dc386hz4427,"JODL Clemency Pleas with attachments, 4 and 5 Oct 1946",H-2771,3,Item,,1,,,,,,,,,,,,,,,,,,,creation,1946-10-04,,single,1946-10-04,inferred,creation,1946-10-05,,single,,inferred,,,,,,,,,,,,,,,,,,,,1,item(s),76 pages,Folders,,,,,,,,text,Box,16,,,,,,,,,,,,,,,,,https://purl.stanford.edu/dc386hz4427,1,,,,,,,,,,,,,,,,,,,,,,,,,,,,,,,,,,,,,,,,,,,85054365,German language,function,lcsh,85043413,English language,function,lcsh,85051829,French language,function,lcsh,85115971,Russian language,function,lcsh,,,,,,,,,,,,,,,,,,,,,"PRELIMINARY NOTES TO PROSECUTION CLOSING SPEECHES: The Prosecution Closing Speeches in English have various titles on the cover page, such as: Final Argument, Closing Statement, Final Statement, Final Speech.",1,,,,,,,,,,,"15 pages (German, 7 pages of the German Plea is quotation in English), 13 pages (English), 26 pages (French), 19 pages (Russian)",1,,,,,,,,,,,,,,,,,,,,,1,,,,,,,,
,,mt839rq8746,,fs868ty5418,"KEITEL Clemency Plea, 5 Oct 1946",H-2772,3,Item,,1,,,,,,,,,,,,,,,,,,,creation,1946-10-05,,single,1946-10-05,inferred,,,,,,,,,,,,,,,,,,,,,,,,,,1,item(s),14 pages,Folders,,,,,,,,text,Box,16,,,,,,,,,,,,,,,,,https://purl.stanford.edu/fs868ty5418,1,,,,,,,,,,,,,,,,,,,,,,,,,,,,,,,,,,,,,,,,,,,85054365,German language,function,lcsh,85043413,English language,function,lcsh,85051829,French language,function,lcsh,85115971,Russian language,function,lcsh,,,,,,,,,,,,,,,,,,,,,"PRELIMINARY NOTES TO PROSECUTION CLOSING SPEECHES: The Prosecution Closing Speeches in English have various titles on the cover page, such as: Final Argument, Closing Statement, Final Statement, Final Speech.",1,,,,,,,,,,,"3 pages (German), 2 pages (English), 3 pages (French), 3 pages (Russian)",1,,,,,,,,,,,,,,,,,,,,,1,,,,,,,,
,,mt839rq8746,,wy257tq6248,"VON NEURATH Clemency Plea, 5 Oct 1946",H-2773,3,Item,,1,,,,,,,,,,,,,,,,,,,creation,1946-10-05,,single,1946-10-05,inferred,,,,,,,,,,,,,,,,,,,,,,,,,,1,item(s),12 pages,Folders,,,,,,,,text,Box,16,,,,,,,,,,,,,,,,,https://purl.stanford.edu/wy257tq6248,1,,,,,,,,,,,,,,,,,,,,,,,,,,,,,,,,,,,,,,,,,,,85054365,German language,function,lcsh,85043413,English language,function,lcsh,85051829,French language,function,lcsh,85115971,Russian language,function,lcsh,,,,,,,,,,,,,,,,,,,,,"PRELIMINARY NOTES TO PROSECUTION CLOSING SPEECHES: The Prosecution Closing Speeches in English have various titles on the cover page, such as: Final Argument, Closing Statement, Final Statement, Final Speech.",1,,,,,,,,,,,"2 pages (German), 2 pages (English), 3 pages (French), 2 pages (Russian)",1,,,,,,,,,,,,,,,,,,,,,1,,,,,,,,
,,mt839rq8746,,qk398ks4409,"RAEDER Clemency Plea with attachment, 5 Oct 1946",H-2774,3,Item,,1,,,,,,,,,,,,,,,,,,,creation,1946-10-05,,single,1946-10-05,inferred,,,,,,,,,,,,,,,,,,,,,,,,,,1,item(s),25 pages,Folders,,,,,,,,text,Box,16,,,,,,,,,,,,,,,,,https://purl.stanford.edu/qk398ks4409,1,,,,,,,,,,,,,,,,,,,,,,,,,,,,,,,,,,,,,,,,,,,85054365,German language,function,lcsh,85043413,English language,function,lcsh,85051829,French language,function,lcsh,85115971,Russian language,function,lcsh,,,,,,,,,,,,,,,,,,,,,"PRELIMINARY NOTES TO PROSECUTION CLOSING SPEECHES: The Prosecution Closing Speeches in English have various titles on the cover page, such as: Final Argument, Closing Statement, Final Statement, Final Speech.",1,,,,,,,,,,,"5 pages (German), 2 pages (English), 12 pages (French), 3 pages (Russian)",1,,,,,,,,,,,,,,,,,,,,,1,,,,,,,,
,,mt839rq8746,,cd612nx3456,"VON RIBBENTROP Clemency Plea with attachments, 4 Oct 1946",H-2775,3,Item,,1,,,,,,,,,,,,,,,,,,,creation,1946-10-04,,single,1946-10-04,inferred,,,,,,,,,,,,,,,,,,,,,,,,,,1,item(s),81 pages,Folders,,,,,,,,text,Box,16,,,,,,,,,,,,,,,,,https://purl.stanford.edu/cd612nx3456,1,,,,,,,,,,,,,,,,,,,,,,,,,,,,,,,,,,,,,,,,,,,85054365,German language,function,lcsh,85043413,English language,function,lcsh,85051829,French language,function,lcsh,85115971,Russian language,function,lcsh,,,,,,,,,,,,,,,,,,,,,"PRELIMINARY NOTES TO PROSECUTION CLOSING SPEECHES: The Prosecution Closing Speeches in English have various titles on the cover page, such as: Final Argument, Closing Statement, Final Statement, Final Speech.",1,,,,,,,,,,,"17 pages (German), 13 pages (English), 31 pages (French), 17 pages (Russian)",1,,,,,,,,,,,,,,,,,,,,,1,,,,,,,,
,,mt839rq8746,,ff661kd9192,"ROSENBERG Clemency Plea, 3 Oct 1946",H-2776,3,Item,,1,,,,,,,,,,,,,,,,,,,creation,1946-10-03,,single,1946-10-03,inferred,,,,,,,,,,,,,,,,,,,,,,,,,,1,item(s),27 pages,Folders,,,,,,,,text,Box,16,,,,,,,,,,,,,,,,,https://purl.stanford.edu/ff661kd9192,1,,,,,,,,,,,,,,,,,,,,,,,,,,,,,,,,,,,,,,,,,,,85054365,German language,function,lcsh,85043413,English language,function,lcsh,85051829,French language,function,lcsh,85115971,Russian language,function,lcsh,,,,,,,,,,,,,,,,,,,,,"PRELIMINARY NOTES TO PROSECUTION CLOSING SPEECHES: The Prosecution Closing Speeches in English have various titles on the cover page, such as: Final Argument, Closing Statement, Final Statement, Final Speech.",1,,,,,,,,,,,"5 pages (German), 5 pages (English), 9 pages (French), 5 pages (Russian)",1,,,,,,,,,,,,,,,,,,,,,1,,,,,,,,
,,mt839rq8746,,rr880sk2193,"SAUCKEL Clemency Plea with attachments, 5 Oct 1946",H-2777,3,Item,,1,,,,,,,,,,,,,,,,,,,creation,1946-10-05,,single,1946-10-05,inferred,,,,,,,,,,,,,,,,,,,,,,,,,,1,item(s),81 pages,Folders,,,,,,,,text,Box,16,,,,,,,,,,,,,,,,,https://purl.stanford.edu/rr880sk2193,1,,,,,,,,,,,,,,,,,,,,,,,,,,,,,,,,,,,,,,,,,,,85054365,German language,function,lcsh,85043413,English language,function,lcsh,85051829,French language,function,lcsh,85115971,Russian language,function,lcsh,,,,,,,,,,,,,,,,,,,,,"PRELIMINARY NOTES TO PROSECUTION CLOSING SPEECHES: The Prosecution Closing Speeches in English have various titles on the cover page, such as: Final Argument, Closing Statement, Final Statement, Final Speech.",1,,,,,,,,,,,"13 pages plus pamphlet inserted (German), 12 pages (English), 26 pages (French), 17 pages (Russian)",1,,,,,,,,,,,,,,,,,,,,,1,,,,,,,,
,,mt839rq8746,,nx170vb7170,"VON SCHIRACH Clemency Plea, (letter reserving right to make),  3 Oct 1946",H-2778,3,Item,,1,,,,,,,,,,,,,,,,,,,creation,1946-10-03,,single,1946-10-03,inferred,,,,,,,,,,,,,,,,,,,,,,,,,,1,item(s),7 pages,Folders,,,,,,,,text,Box,16,,,,,,,,,,,,,,,,,https://purl.stanford.edu/nx170vb7170,1,,,,,,,,,,,,,,,,,,,,,,,,,,,,,,,,,,,,,,,,,,,85054365,German language,function,lcsh,85043413,English language,function,lcsh,85051829,French language,function,lcsh,85115971,Russian language,function,lcsh,,,,,,,,,,,,,,,,,,,,,"PRELIMINARY NOTES TO PROSECUTION CLOSING SPEECHES: The Prosecution Closing Speeches in English have various titles on the cover page, such as: Final Argument, Closing Statement, Final Statement, Final Speech.",1,,,,,,,,,,,"1 page (German), 1 page (English), 1 page (French), 1 page (Russian)",1,,,,,,,,,,,,,,,,,,,,,1,,,,,,,,
,,mt839rq8746,,zp425ry6219,"SEYSS-INQUART Clemency Plea, 3 Oct 1946",H-2779,3,Item,,1,,,,,,,,,,,,,,,,,,,creation,1946-10-03,,single,1946-10-03,inferred,,,,,,,,,,,,,,,,,,,,,,,,,,1,item(s),94 pages,Folders,,,,,,,,text,Box,16,,,,,,,,,,,,,,,,,https://purl.stanford.edu/zp425ry6219,1,,,,,,,,,,,,,,,,,,,,,,,,,,,,,,,,,,,,,,,,,,,85054365,German language,function,lcsh,85043413,English language,function,lcsh,85051829,French language,function,lcsh,85115971,Russian language,function,lcsh,,,,,,,,,,,,,,,,,,,,,"PRELIMINARY NOTES TO PROSECUTION CLOSING SPEECHES: The Prosecution Closing Speeches in English have various titles on the cover page, such as: Final Argument, Closing Statement, Final Statement, Final Speech.",1,,,,,,,,,,,"18 pages (German), 18 pages (English), 36 pages (French), 19 pages (Russian)",1,,,,,,,,,,,,,,,,,,,,,1,,,,,,,,
,,mt839rq8746,,jh724xt0379,"STREICHER Clemency Plea, 5 Oct 1946",H-2780,3,Item,,1,,,,,,,,,,,,,,,,,,,creation,1946-10-05,,single,1946-10-05,inferred,,,,,,,,,,,,,,,,,,,,,,,,,,1,item(s),18 pages,Folders,,,,,,,,text,Box,16,,,,,,,,,,,,,,,,,https://purl.stanford.edu/jh724xt0379,1,,,,,,,,,,,,,,,,,,,,,,,,,,,,,,,,,,,,,,,,,,,85054365,German language,function,lcsh,85043413,English language,function,lcsh,85051829,French language,function,lcsh,85115971,Russian language,function,lcsh,,,,,,,,,,,,,,,,,,,,,"PRELIMINARY NOTES TO PROSECUTION CLOSING SPEECHES: The Prosecution Closing Speeches in English have various titles on the cover page, such as: Final Argument, Closing Statement, Final Statement, Final Speech.",1,,,,,,,,,,,"3 pages (German), 4 pages (English), 5 pages (French), 3 pages (Russian)",1,,,,,,,,,,,,,,,,,,,,,1,,,,,,,,
,,mt839rq8746,,bm181qv6902,"GESTAPO Clemency Plea, 5 Oct 1946",H-2781,3,Item,,1,,,,,,,,,,,,,,,,,,,creation,1946-10-05,,single,1946-10-05,inferred,,,,,,,,,,,,,,,,,,,,,,,,,,1,item(s),22 pages,Folders,,,,,,,,text,Box,16,,,,,,,,,,,,,,,,,https://purl.stanford.edu/bm181qv6902,1,,,,,,,,,,,,,,,,,,,,,,,,,,,,,,,,,,,,,,,,,,,85054365,German language,function,lcsh,85043413,English language,function,lcsh,85051829,French language,function,lcsh,85115971,Russian language,function,lcsh,,,,,,,,,,,,,,,,,,,,,"PRELIMINARY NOTES TO PROSECUTION CLOSING SPEECHES: The Prosecution Closing Speeches in English have various titles on the cover page, such as: Final Argument, Closing Statement, Final Statement, Final Speech.",1,,,,,,,,,,,"4 pages (German), 4 pages (English), 7 pages (French), 4 pages (Russian)",1,,,,,,,,,,,,,,,,,,,,,1,,,,,,,,
,,mt839rq8746,,hr804gg6940,"LEADERSHIP CORPS (Political Leaders) Clemency Plea, 5 Oct 1946",H-2782,3,Item,,1,,,,,,,,,,,,,,,,,,,creation,1946-10-05,,single,1946-10-05,inferred,,,,,,,,,,,,,,,,,,,,,,,,,,1,item(s),14 pages,Folders,,,,,,,,text,Box,16,,,,,,,,,,,,,,,,,https://purl.stanford.edu/hr804gg6940,1,,,,,,,,,,,,,,,,,,,,,,,,,,,,,,,,,,,,,,,,,,,85054365,German language,function,lcsh,85043413,English language,function,lcsh,85051829,French language,function,lcsh,85115971,Russian language,function,lcsh,,,,,,,,,,,,,,,,,,,,,"PRELIMINARY NOTES TO PROSECUTION CLOSING SPEECHES: The Prosecution Closing Speeches in English have various titles on the cover page, such as: Final Argument, Closing Statement, Final Statement, Final Speech.",1,,,,,,,,,,,"2 pages (German), 2 pages (English), 5 pages (French), 2 pages (Russian)",1,,,,,,,,,,,,,,,,,,,,,1,,,,,,,,
,,mt839rq8746,,kp048kk4511,"SD Clemency Plea, 4 Oct 1946",H-2783,3,Item,,1,,,,,,,,,,,,,,,,,,,creation,1946-10-04,,single,1946-10-04,inferred,,,,,,,,,,,,,,,,,,,,,,,,,,1,item(s),18 pages,Folders,,,,,,,,text,Box,16,,,,,,,,,,,,,,,,,https://purl.stanford.edu/kp048kk4511,1,,,,,,,,,,,,,,,,,,,,,,,,,,,,,,,,,,,,,,,,,,,85054365,German language,function,lcsh,85043413,English language,function,lcsh,85051829,French language,function,lcsh,85115971,Russian language,function,lcsh,,,,,,,,,,,,,,,,,,,,,"PRELIMINARY NOTES TO PROSECUTION CLOSING SPEECHES: The Prosecution Closing Speeches in English have various titles on the cover page, such as: Final Argument, Closing Statement, Final Statement, Final Speech.",1,,,,,,,,,,,"3 pages (German), 3 pages (English), 6 pages (French), 3 pages (Russian)",1,,,,,,,,,,,,,,,,,,,,,1,,,,,,,,
,,mt839rq8746,,kd189jr2941,"SS Clemency Plea, 2 Oct 1946",H-2784,3,Item,,1,,,,,,,,,,,,,,,,,,,creation,1946-10-02,,single,1946-10-02,inferred,,,,,,,,,,,,,,,,,,,,,,,,,,1,item(s),11 pages,Folders,,,,,,,,text,Box,16,,,,,,,,,,,,,,,,,https://purl.stanford.edu/kd189jr2941,1,,,,,,,,,,,,,,,,,,,,,,,,,,,,,,,,,,,,,,,,,,,85054365,German language,function,lcsh,85043413,English language,function,lcsh,85051829,French language,function,lcsh,85115971,Russian language,function,lcsh,,,,,,,,,,,,,,,,,,,,,"PRELIMINARY NOTES TO PROSECUTION CLOSING SPEECHES: The Prosecution Closing Speeches in English have various titles on the cover page, such as: Final Argument, Closing Statement, Final Statement, Final Speech.",1,,,,,,,,,,,"1 pages (German), 2 pages (English), 2 pages (French), 2 pages (Russian)",1,,,,,,,,,,,,,,,,,,,,,1,,,,,,,,
