ArchivesSpace field code (please don't edit this row),collection_id,ead,res_uri,ref_id,title,unit_id,hierarchy,level,other_level,publish,restrictions_flag,processing_note,l_lang,l_langscript,n_langmaterial,p_langmaterial,l_lang_2,l_langscript_2,n_langmaterial_2,p_langmaterial_2,l_lang_3,l_langscript_3,n_langmaterial_3,p_langmaterial_3,l_lang_4,l_langscript_4,n_langmaterial_4,p_langmaterial_4,dates_label,begin,end,date_type,expression,date_certainty,dates_label_2,begin_2,end_2,date_type_2,expression_2,date_certainty_2,dates_label_3,begin_3,end_3,date_type_3,expression_3,date_certainty_3,dates_label_4,begin_4,end_4,date_type_4,expression_4,date_certainty_4,dates_label_5,begin_5,end_5,date_type_5,expression_5,date_certainty_5,portion,number,extent_type,container_summary,physical_details,dimensions,portion_2,number_2,extent_type_2,container_summary_2,physical_details_2,dimensions_2,cont_instance_type,type_1,indicator_1,barcode,type_2,indicator_2,type_3,indicator_3,cont_instance_type_2,type_1_2,indicator_1_2,barcode_2,type_2_2,indicator_2_2,type_3_2,indicator_3_2,digital_object_id,digital_object_title,digital_object_publish,digital_object_link,digital_object_link_publish,thumbnail,thumbnail_publish,people_agent_record_id_1,people_agent_header_1,people_agent_role_1,people_agent_relator_1,people_agent_record_id_2,people_agent_header_2,people_agent_role_2,people_agent_relator_2,people_agent_record_id_3,people_agent_header_3,people_agent_role_3,people_agent_relator_3,people_agent_record_id_4,people_agent_header_4,people_agent_role_4,people_agent_relator_4,people_agent_record_id_5,people_agent_header_5,people_agent_role_5,people_agent_relator_5,families_agent_record_id_1,families_agent_header_1,families_agent_role_1,families_agent_relator_1,families_agent_record_id_2,families_agent_header_2,families_agent_role_2,families_agent_relator_2,corporate_entities_agent_record_id_1,corporate_entities_agent_header_1,corporate_entities_agent_role_1,corporate_entities_agent_relator_1,corporate_entities_agent_record_id_2,corporate_entities_agent_header_2,corporate_entities_agent_role_2,corporate_entities_agent_relator_2,corporate_entities_agent_record_id_3,corporate_entities_agent_header_3,corporate_entities_agent_role_3,corporate_entities_agent_relator_3,subject_1_record_id,subject_1_term,subject_1_type,subject_1_source,subject_2_record_id,subject_2_term,subject_2_type,subject_2_source,subject_3_record_id,subject_3_term,subject_3_type,subject_3_source,subject_4_record_id,subject_4_term,subject_4_type,subject_4_source,subject_5_record_id,subject_5_term,subject_5_type,subject_5_source,subject_6_record_id,subject_6_term,subject_6_type,subject_6_source,n_abstract,p_abstract,l_abstract,n_accessrestrict,p_accessrestrict,l_accessrestrict,b_accessrestrict,e_accessrestrict,t_accessrestrict,n_acqinfo,p_acqinfo,l_acqinfo,n_arrangement,p_arrangement,l_arrangement,n_bioghist,p_bioghist,l_bioghist,n_custodhist,p_custodhist,l_custodhist,n_dimensions,p_dimensions,l_dimensions,n_odd,p_odd,l_odd,n_physdesc,p_physdesc,l_physdesc,n_physfacet,p_physfacet,l_physfacet,n_physloc,p_physloc,l_physloc,n_prefercite,p_prefercite,l_prefercite,n_processinfo,p_processinfo,l_processinfo,n_relatedmaterial,p_relatedmaterial,l_relatedmaterial,n_scopecontent,p_scopecontent,l_scopecontent,n_separatedmaterial,p_separatedmaterial,l_separatedmaterial,n_userestrict,p_userestrict,l_userestrict,
,,,,,,,,,,,,,,,,,,,,,,,,,,,,,,,,,,,,,,,,,,,,,,,,,,,,,,,,,,,,,,,,,,,,,,,,,,,,,,,,,,,,,,,,,,,,,,,,,,,,,,,,,,,,,,,,,,,,,,,,,,,,,,,,,,,,,,,,,,,,,,,,,,,,,,,,,,,,,,,,,,,,,,,,,,,,,,,,,,,,,,,,,,,,,,,,,,,,,,,,,,,,,,,,,,,,
,,mt839rq8746,,Trialbriefs,Trial briefs,,1,Series,,1,,,,,,,,,,,,,,,,,,,,,,,,,,,,,,,,,,,,,,,,,,,,,,,,,whole,37,item(s),,,,,,,,,,,,,,,,,,,,,,,,,,,,,,,,,,,,,,,,,,,,,,,,,,,,,,,,,,,,,,,,,,,,,,,,,,,,,,,,,,,,,,,,,,,,,,,,,,,,,,,,,,,,,,1,,,,,,,,,,,,1,,,,,,,,,,,,,,,,,,,,,1,,,,,,,,
,,mt839rq8746,,Folders,Folders,,2,Sub-Series,,1,,,,,,,,,,,,,,,,,,,,,,,,,,,,,,,,,,,,,,,,,,,,,,,,,whole,37,item(s),,,,,,,,,,,,,,,,,,,,,,,,,,,,,,,,,,,,,,,,,,,,,,,,,,,,,,,,,,,,,,,,,,,,,,,,,,,,,,,,,,,,,,,,,,,,,,,,,,,,,,,,,,,,,,1,,,,,,,,,,,,1,,,,,,,,,,,,,,,,,,,,,1,,,,,,,,
,,mt839rq8746,,fd927hs6195,"U.S. Trial Brief A: Common Objectives, Methods and Doctrines of the Conspiracy.",H-1097,3,Item,,1,,,,,,,,,,,,,,,,,,,,,,,,,,,,,,,,,,,,,,,,,,,,,,,,,whole,1,item(s),21 pages,Folders,,,,,,,,text,box,9,,,,,,,,,,,,,,,,,https://purl.stanford.edu/fd927hs6195,1,,,,,,,,,,,,,,,,,,,,,,,,,,,,,,,,,,,,,,,,,,,85043413,English language,function,lcsh,,,,,,,,,,,,,,,,,,,,,,,,,,,,,,,,,"PRELIMINARY NOTES TO DOCUMENTS BOOKS AND TRIAL BRIEFS: For purpose of this inventory, Document Books and Trial briefs have been identified merely by the name and number or letter. No attempt has been made to catalog the documents contained therein or to count the pages.",1,,,,,,,,,,,,1,,,,,,,,,,,,,,,,,,,,,1,,,,,,,,
,,mt839rq8746,,pb640jq2222,U.S. Trial Brief B: The acquiring of Totalitarian Control over Germany: Political; First Steps; Control acquired.,H-1099,3,Item,,1,,,,,,,,,,,,,,,,,,,,,,,,,,,,,,,,,,,,,,,,,,,,,,,,,whole,1,item(s),30 pages,Folders,,,,,,,,text,box,9,,,,,,,,,,,,,,,,,https://purl.stanford.edu/pb640jq2222,1,,,,,,,,,,,,,,,,,,,,,,,,,,,,,,,,,,,,,,,,,,,85043413,English language,function,lcsh,,,,,,,,,,,,,,,,,,,,,,,,,,,,,,,,,"PRELIMINARY NOTES TO DOCUMENTS BOOKS AND TRIAL BRIEFS: For purpose of this inventory, Document Books and Trial briefs have been identified merely by the name and number or letter. No attempt has been made to catalog the documents contained therein or to count the pages.",1,,,,,,,,,,,,1,,,,,,,,,,,,,,,,,,,,,1,,,,,,,,
,,mt839rq8746,,sx136xn2886,U.S. Trial Brief C: Consolidation of Control; Utilization and molding of Political Machinery.,H-1101,3,Item,,1,,,,,,,,,,,,,,,,,,,,,,,,,,,,,,,,,,,,,,,,,,,,,,,,,whole,1,item(s),32 pages,Folders,,,,,,,,text,box,9,,,,,,,,,,,,,,,,,https://purl.stanford.edu/sx136xn2886,1,,,,,,,,,,,,,,,,,,,,,,,,,,,,,,,,,,,,,,,,,,,85043413,English language,function,lcsh,,,,,,,,,,,,,,,,,,,,,,,,,,,,,,,,,"PRELIMINARY NOTES TO DOCUMENTS BOOKS AND TRIAL BRIEFS: For purpose of this inventory, Document Books and Trial briefs have been identified merely by the name and number or letter. No attempt has been made to catalog the documents contained therein or to count the pages.",1,,,,,,,,,,,,1,,,,,,,,,,,,,,,,,,,,,1,,,,,,,,
,,mt839rq8746,,qb748bh0169,U.S. Trial Brief D: Reshaping of Education; Training of Youth,H-1103,3,Item,,1,,,,,,,,,,,,,,,,,,,,,,,,,,,,,,,,,,,,,,,,,,,,,,,,,whole,1,item(s),27 pages,Folders,,,,,,,,text,box,9,,,,,,,,,,,,,,,,,https://purl.stanford.edu/qb748bh0169,1,,,,,,,,,,,,,,,,,,,,,,,,,,,,,,,,,,,,,,,,,,,85043413,English language,function,lcsh,,,,,,,,,,,,,,,,,,,,,,,,,,,,,,,,,"PRELIMINARY NOTES TO DOCUMENTS BOOKS AND TRIAL BRIEFS: For purpose of this inventory, Document Books and Trial briefs have been identified merely by the name and number or letter. No attempt has been made to catalog the documents contained therein or to count the pages.",1,,,,,,,,,,,,1,,,,,,,,,,,,,,,,,,,,,1,,,,,,,,
,,mt839rq8746,,yb735mq4711,"U.S. Trial Brief E: Propaganda, Censorship and Supervision of Cultural Activities",H-1105,3,Item,,1,,,,,,,,,,,,,,,,,,,,,,,,,,,,,,,,,,,,,,,,,,,,,,,,,whole,1,item(s),21 pages,Folders,,,,,,,,text,box,9,,,,,,,,,,,,,,,,,https://purl.stanford.edu/yb735mq4711,1,,,,,,,,,,,,,,,,,,,,,,,,,,,,,,,,,,,,,,,,,,,85043413,English language,function,lcsh,,,,,,,,,,,,,,,,,,,,,,,,,,,,,,,,,"PRELIMINARY NOTES TO DOCUMENTS BOOKS AND TRIAL BRIEFS: For purpose of this inventory, Document Books and Trial briefs have been identified merely by the name and number or letter. No attempt has been made to catalog the documents contained therein or to count the pages.",1,,,,,,,,,,,,1,,,,,,,,,,,,,,,,,,,,,1,,,,,,,,
,,mt839rq8746,,fv745sm6711,U.S. Trial Brief F: Purge of Political Opponents; Terrorization,H-1107,3,Item,,1,,,,,,,,,,,,,,,,,,,,,,,,,,,,,,,,,,,,,,,,,,,,,,,,,whole,1,item(s),20 pages,Folders,,,,,,,,text,box,9,,,,,,,,,,,,,,,,,https://purl.stanford.edu/fv745sm6711,1,,,,,,,,,,,,,,,,,,,,,,,,,,,,,,,,,,,,,,,,,,,85043413,English language,function,lcsh,,,,,,,,,,,,,,,,,,,,,,,,,,,,,,,,,"PRELIMINARY NOTES TO DOCUMENTS BOOKS AND TRIAL BRIEFS: For purpose of this inventory, Document Books and Trial briefs have been identified merely by the name and number or letter. No attempt has been made to catalog the documents contained therein or to count the pages.",1,,,,,,,,,,,,1,,,,,,,,,,,,,,,,,,,,,1,,,,,,,,
,,mt839rq8746,,wr883jg3224,U.S. Trial Brief G: Destruction of the Free Trade Unions and the Acquisition of Control over the Productive Labor capacity of Germany,H-1109,3,Item,,1,,,,,,,,,,,,,,,,,,,,,,,,,,,,,,,,,,,,,,,,,,,,,,,,,whole,1,item(s),19 pages,Folders,,,,,,,,text,box,9,,,,,,,,,,,,,,,,,https://purl.stanford.edu/wr883jg3224,1,,,,,,,,,,,,,,,,,,,,,,,,,,,,,,,,,,,,,,,,,,,85043413,English language,function,lcsh,,,,,,,,,,,,,,,,,,,,,,,,,,,,,,,,,"PRELIMINARY NOTES TO DOCUMENTS BOOKS AND TRIAL BRIEFS: For purpose of this inventory, Document Books and Trial briefs have been identified merely by the name and number or letter. No attempt has been made to catalog the documents contained therein or to count the pages.",1,,,,,,,,,,,,1,,,,,,,,,,,,,,,,,,,,,1,,,,,,,,
,,mt839rq8746,,nf356mh6194,U.S. Trial Brief H: Suppression of the Christian Churches in Germany,H-1111,3,Item,,1,,,,,,,,,,,,,,,,,,,,,,,,,,,,,,,,,,,,,,,,,,,,,,,,,whole,1,item(s),30 pages,Folders,,,,,,,,text,box,9,,,,,,,,,,,,,,,,,https://purl.stanford.edu/nf356mh6194,1,,,,,,,,,,,,,,,,,,,,,,,,,,,,,,,,,,,,,,,,,,,85043413,English language,function,lcsh,,,,,,,,,,,,,,,,,,,,,,,,,,,,,,,,,"PRELIMINARY NOTES TO DOCUMENTS BOOKS AND TRIAL BRIEFS: For purpose of this inventory, Document Books and Trial briefs have been identified merely by the name and number or letter. No attempt has been made to catalog the documents contained therein or to count the pages.",1,,,,,,,,,,,,1,,,,,,,,,,,,,,,,,,,,,1,,,,,,,,
,,mt839rq8746,,sk665cc0516,"U.S. Trial Brief H, Supplemental: Suppression of the Christian Churches in Germany and in the Occupied Territories",H-1113,3,Item,,1,,,,,,,,,,,,,,,,,,,,,,,,,,,,,,,,,,,,,,,,,,,,,,,,,whole,1,item(s),21 pages,Folders,,,,,,,,text,box,9,,,,,,,,,,,,,,,,,https://purl.stanford.edu/sk665cc0516,1,,,,,,,,,,,,,,,,,,,,,,,,,,,,,,,,,,,,,,,,,,,85043413,English language,function,lcsh,,,,,,,,,,,,,,,,,,,,,,,,,,,,,,,,,"PRELIMINARY NOTES TO DOCUMENTS BOOKS AND TRIAL BRIEFS: For purpose of this inventory, Document Books and Trial briefs have been identified merely by the name and number or letter. No attempt has been made to catalog the documents contained therein or to count the pages.",1,,,,,,,,,,,,1,,,,,,,,,,,,,,,,,,,,,1,,,,,,,,
,,mt839rq8746,,fy497sp1020,U.S. Trial Brief I: Adoption and Publication of the Program for Persecution of the Jews,H-1115,3,Item,,1,,,,,,,,,,,,,,,,,,,,,,,,,,,,,,,,,,,,,,,,,,,,,,,,,whole,1,item(s),18 pages,Folders,,,,,,,,text,box,9,,,,,,,,,,,,,,,,,https://purl.stanford.edu/fy497sp1020,1,,,,,,,,,,,,,,,,,,,,,,,,,,,,,,,,,,,,,,,,,,,85043413,English language,function,lcsh,,,,,,,,,,,,,,,,,,,,,,,,,,,,,,,,,"PRELIMINARY NOTES TO DOCUMENTS BOOKS AND TRIAL BRIEFS: For purpose of this inventory, Document Books and Trial briefs have been identified merely by the name and number or letter. No attempt has been made to catalog the documents contained therein or to count the pages.",1,,,,,,,,,,,,1,,,,,,,,,,,,,,,,,,,,,1,,,,,,,,
,,mt839rq8746,,md924dj1040,U.S. Trial Brief J: Militarization of Nazi Dominated Organizations,H-1117,3,Item,,1,,,,,,,,,,,,,,,,,,,,,,,,,,,,,,,,,,,,,,,,,,,,,,,,,whole,1,item(s),14 pages,Folders,,,,,,,,text,box,9,,,,,,,,,,,,,,,,,https://purl.stanford.edu/md924dj1040,1,,,,,,,,,,,,,,,,,,,,,,,,,,,,,,,,,,,,,,,,,,,85043413,English language,function,lcsh,,,,,,,,,,,,,,,,,,,,,,,,,,,,,,,,,"PRELIMINARY NOTES TO DOCUMENTS BOOKS AND TRIAL BRIEFS: For purpose of this inventory, Document Books and Trial briefs have been identified merely by the name and number or letter. No attempt has been made to catalog the documents contained therein or to count the pages.",1,,,,,,,,,,,,1,,,,,,,,,,,,,,,,,,,,,1,,,,,,,,
,,mt839rq8746,,sk988bp9485,U.S. Trial Brief T: Persecution of the Jews,H-1130,3,Item,,1,,,,,,,,,,,,,,,,,,,,,,,,,,,,,,,,,,,,,,,,,,,,,,,,,whole,1,item(s),70 pages,Folders,,,,,,,,text,box,9,,,,,,,,,,,,,,,,,https://purl.stanford.edu/sk988bp9485,1,,,,,,,,,,,,,,,,,,,,,,,,,,,,,,,,,,,,,,,,,,,85043413,English language,function,lcsh,,,,,,,,,,,,,,,,,,,,,,,,,,,,,,,,,"PRELIMINARY NOTES TO DOCUMENTS BOOKS AND TRIAL BRIEFS: For purpose of this inventory, Document Books and Trial briefs have been identified merely by the name and number or letter. No attempt has been made to catalog the documents contained therein or to count the pages.",1,,,,,,,,,,,,1,,,,,,,,,,,,,,,,,,,,,1,,,,,,,,
,,mt839rq8746,,zr815gr5084,U.S. Trial Brief V: Criminality of Das Korps der Politischen Leiter der National-sozialistischen Deutschen Arbeiterpartei (Leadership Corps of the Nazi Party.),H-1133,3,Item,,1,,,,,,,,,,,,,,,,,,,,,,,,,,,,,,,,,,,,,,,,,,,,,,,,,whole,1,item(s),93 pages,Folders,,,,,,,,text,box,9,,,,,,,,,,,,,,,,,https://purl.stanford.edu/zr815gr5084,1,,,,,,,,,,,,,,,,,,,,,,,,,,,,,,,,,,,,,,,,,,,85043413,English language,function,lcsh,,,,,,,,,,,,,,,,,,,,,,,,,,,,,,,,,"PRELIMINARY NOTES TO DOCUMENTS BOOKS AND TRIAL BRIEFS: For purpose of this inventory, Document Books and Trial briefs have been identified merely by the name and number or letter. No attempt has been made to catalog the documents contained therein or to count the pages.",1,,,,,,,,,,,,1,,,,,,,,,,,,,,,,,,,,,1,,,,,,,,
,,mt839rq8746,,sm733ck1499,U.S. Trial Brief W: Plunder of Art Treasures,H-1135,3,Item,,1,,,,,,,,,,,,,,,,,,,,,,,,,,,,,,,,,,,,,,,,,,,,,,,,,whole,1,item(s),23 pages,Folders,,,,,,,,text,box,9,,,,,,,,,,,,,,,,,https://purl.stanford.edu/sm733ck1499,1,,,,,,,,,,,,,,,,,,,,,,,,,,,,,,,,,,,,,,,,,,,85043413,English language,function,lcsh,,,,,,,,,,,,,,,,,,,,,,,,,,,,,,,,,"PRELIMINARY NOTES TO DOCUMENTS BOOKS AND TRIAL BRIEFS: For purpose of this inventory, Document Books and Trial briefs have been identified merely by the name and number or letter. No attempt has been made to catalog the documents contained therein or to count the pages.",1,,,,,,,,,,,,1,,,,,,,,,,,,,,,,,,,,,1,,,,,,,,
,,mt839rq8746,,tc848wp3092,U.S. Trial Brief X: Die Reichsregierung (Reich Cabinet),H-1137,3,Item,,1,,,,,,,,,,,,,,,,,,,,,,,,,,,,,,,,,,,,,,,,,,,,,,,,,whole,1,item(s),74 pages,Folders,,,,,,,,text,box,9,,,,,,,,,,,,,,,,,https://purl.stanford.edu/tc848wp3092,1,,,,,,,,,,,,,,,,,,,,,,,,,,,,,,,,,,,,,,,,,,,85043413,English language,function,lcsh,,,,,,,,,,,,,,,,,,,,,,,,,,,,,,,,,"PRELIMINARY NOTES TO DOCUMENTS BOOKS AND TRIAL BRIEFS: For purpose of this inventory, Document Books and Trial briefs have been identified merely by the name and number or letter. No attempt has been made to catalog the documents contained therein or to count the pages.",1,,,,,,,,,,,,1,,,,,,,,,,,,,,,,,,,,,1,,,,,,,,
,,mt839rq8746,,cz676kn7354,U.S. Trial Brief Y: Criminality of the Sturmabteilungen (the SA) of the National Socialist German Labor Party,H-1139,3,Item,,1,,,,,,,,,,,,,,,,,,,,,,,,,,,,,,,,,,,,,,,,,,,,,,,,,whole,1,item(s),47 pages,Folders,,,,,,,,text,box,9,,,,,,,,,,,,,,,,,https://purl.stanford.edu/cz676kn7354,1,,,,,,,,,,,,,,,,,,,,,,,,,,,,,,,,,,,,,,,,,,,85043413,English language,function,lcsh,,,,,,,,,,,,,,,,,,,,,,,,,,,,,,,,,"PRELIMINARY NOTES TO DOCUMENTS BOOKS AND TRIAL BRIEFS: For purpose of this inventory, Document Books and Trial briefs have been identified merely by the name and number or letter. No attempt has been made to catalog the documents contained therein or to count the pages.",1,,,,,,,,,,,,1,,,,,,,,,,,,,,,,,,,,,1,,,,,,,,
,,mt839rq8746,,pr902vh7378,U.S. Trial Brief Z: The SS,H-1142,3,Item,,1,,,,,,,,,,,,,,,,,,,,,,,,,,,,,,,,,,,,,,,,,,,,,,,,,whole,1,item(s),51 pages,Folders,,,,,,,,text,box,9,,,,,,,,,,,,,,,,,https://purl.stanford.edu/pr902vh7378,1,,,,,,,,,,,,,,,,,,,,,,,,,,,,,,,,,,,,,,,,,,,85043413,English language,function,lcsh,,,,,,,,,,,,,,,,,,,,,,,,,,,,,,,,,"PRELIMINARY NOTES TO DOCUMENTS BOOKS AND TRIAL BRIEFS: For purpose of this inventory, Document Books and Trial briefs have been identified merely by the name and number or letter. No attempt has been made to catalog the documents contained therein or to count the pages.",1,,,,,,,,,,,,1,,,,,,,,,,,,,,,,,,,,,1,,,,,,,,
,,mt839rq8746,,wj287ps5086,"U.S. Trial Brief DD: The Individual Responsibility of the Defendant Hermann GOERING for Crimes Against Peace, War Crimes and Crimes Against Humanity",H-1148,3,Item,,1,,,,,,,,,,,,,,,,,,,,,,,,,,,,,,,,,,,,,,,,,,,,,,,,,whole,1,item(s),61 pages,Folders,,,,,,,,text,box,9,,,,,,,,,,,,,,,,,https://purl.stanford.edu/wj287ps5086,1,,,,,,,,,,,,,,,,,,,,,,,,,,,,,,,,,,,,,,,,,,,85043413,English language,function,lcsh,,,,,,,,,,,,,,,,,,,,,,,,,,,,,,,,,"PRELIMINARY NOTES TO DOCUMENTS BOOKS AND TRIAL BRIEFS: For purpose of this inventory, Document Books and Trial briefs have been identified merely by the name and number or letter. No attempt has been made to catalog the documents contained therein or to count the pages.",1,,,,,,,,,,,,1,,,,,,,,,,,,,,,,,,,,,1,,,,,,,,
,,mt839rq8746,,bs526rh6276,U.S. Trial Brief against Defendant Rudolf HESS,H-1149,3,Item,,1,,,,,,,,,,,,,,,,,,,,,,,,,,,,,,,,,,,,,,,,,,,,,,,,,whole,1,item(s),43 pages,Folders,,,,,,,,text,box,9,,,,,,,,,,,,,,,,,https://purl.stanford.edu/bs526rh6276,1,,,,,,,,,,,,,,,,,,,,,,,,,,,,,,,,,,,,,,,,,,,85043413,English language,function,lcsh,,,,,,,,,,,,,,,,,,,,,,,,,,,,,,,,,"PRELIMINARY NOTES TO DOCUMENTS BOOKS AND TRIAL BRIEFS: For purpose of this inventory, Document Books and Trial briefs have been identified merely by the name and number or letter. No attempt has been made to catalog the documents contained therein or to count the pages.",1,,,,,,,,,,,,1,,,,,,,,,,,,,,,,,,,,,1,,,,,,,,
,,mt839rq8746,,rn636kg8716,British Trial Brief: Joachim von RIBBENTROP,H-1156,3,Item,,1,,,,,,,,,,,,,,,,,,,,,,,,,,,,,,,,,,,,,,,,,,,,,,,,,whole,1,item(s),25 pages,Folders,,,,,,,,text,box,9,,,,,,,,,,,,,,,,,https://purl.stanford.edu/rn636kg8716,1,,,,,,,,,,,,,,,,,,,,,,,,,,,,,,,,,,,,,,,,,,,85043413,English language,function,lcsh,,,,,,,,,,,,,,,,,,,,,,,,,,,,,,,,,"PRELIMINARY NOTES TO DOCUMENTS BOOKS AND TRIAL BRIEFS: For purpose of this inventory, Document Books and Trial briefs have been identified merely by the name and number or letter. No attempt has been made to catalog the documents contained therein or to count the pages.",1,,,,,,,,,,,,1,,,,,,,,,,,,,,,,,,,,,1,,,,,,,,
,,mt839rq8746,,pw401ns7644,British Trial Brief: Wilhelm KEITEL,H-1159,3,Item,,1,,,,,,,,,,,,,,,,,,,,,,,,,,,,,,,,,,,,,,,,,,,,,,,,,whole,1,item(s),20 pages,Folders,,,,,,,,text,box,9,,,,,,,,,,,,,,,,,https://purl.stanford.edu/pw401ns7644,1,,,,,,,,,,,,,,,,,,,,,,,,,,,,,,,,,,,,,,,,,,,85043413,English language,function,lcsh,,,,,,,,,,,,,,,,,,,,,,,,,,,,,,,,,"PRELIMINARY NOTES TO DOCUMENTS BOOKS AND TRIAL BRIEFS: For purpose of this inventory, Document Books and Trial briefs have been identified merely by the name and number or letter. No attempt has been made to catalog the documents contained therein or to count the pages.",1,,,,,,,,,,,,1,,,,,,,,,,,,,,,,,,,,,1,,,,,,,,
,,mt839rq8746,,ww761nr3935,British Trial Brief: Alfred JODL,H-1160,3,Item,,1,,,,,,,,,,,,,,,,,,,,,,,,,,,,,,,,,,,,,,,,,,,,,,,,,whole,1,item(s),14 pages,Folders,,,,,,,,text,box,9,,,,,,,,,,,,,,,,,https://purl.stanford.edu/ww761nr3935,1,,,,,,,,,,,,,,,,,,,,,,,,,,,,,,,,,,,,,,,,,,,85043413,English language,function,lcsh,,,,,,,,,,,,,,,,,,,,,,,,,,,,,,,,,"PRELIMINARY NOTES TO DOCUMENTS BOOKS AND TRIAL BRIEFS: For purpose of this inventory, Document Books and Trial briefs have been identified merely by the name and number or letter. No attempt has been made to catalog the documents contained therein or to count the pages.",1,,,,,,,,,,,,1,,,,,,,,,,,,,,,,,,,,,1,,,,,,,,
,,mt839rq8746,,rf369ch7127,British Trial Brief: Julius STREICHER,H-1162,3,Item,,1,,,,,,,,,,,,,,,,,,,,,,,,,,,,,,,,,,,,,,,,,,,,,,,,,whole,1,item(s),22 pages,Folders,,,,,,,,text,box,9,,,,,,,,,,,,,,,,,https://purl.stanford.edu/rf369ch7127,1,,,,,,,,,,,,,,,,,,,,,,,,,,,,,,,,,,,,,,,,,,,85043413,English language,function,lcsh,,,,,,,,,,,,,,,,,,,,,,,,,,,,,,,,,"PRELIMINARY NOTES TO DOCUMENTS BOOKS AND TRIAL BRIEFS: For purpose of this inventory, Document Books and Trial briefs have been identified merely by the name and number or letter. No attempt has been made to catalog the documents contained therein or to count the pages.",1,,,,,,,,,,,,1,,,,,,,,,,,,,,,,,,,,,1,,,,,,,,
,,mt839rq8746,,tj487zj4017,British Trial Brief: Karl DOENITZ,H-1164,3,Item,,1,,,,,,,,,,,,,,,,,,,,,,,,,,,,,,,,,,,,,,,,,,,,,,,,,whole,1,item(s),8 pages,Folders,,,,,,,,text,box,9,,,,,,,,,,,,,,,,,https://purl.stanford.edu/tj487zj4017,1,,,,,,,,,,,,,,,,,,,,,,,,,,,,,,,,,,,,,,,,,,,85043413,English language,function,lcsh,,,,,,,,,,,,,,,,,,,,,,,,,,,,,,,,,"PRELIMINARY NOTES TO DOCUMENTS BOOKS AND TRIAL BRIEFS: For purpose of this inventory, Document Books and Trial briefs have been identified merely by the name and number or letter. No attempt has been made to catalog the documents contained therein or to count the pages.",1,,,,,,,,,,,,1,,,,,,,,,,,,,,,,,,,,,1,,,,,,,,
,,mt839rq8746,,hq811rb3483,British Trial Brief: Erich RAEDER,H-1167,3,Item,,1,,,,,,,,,,,,,,,,,,,,,,,,,,,,,,,,,,,,,,,,,,,,,,,,,whole,1,item(s),16 pages,Folders,,,,,,,,text,box,9,,,,,,,,,,,,,,,,,https://purl.stanford.edu/hq811rb3483,1,,,,,,,,,,,,,,,,,,,,,,,,,,,,,,,,,,,,,,,,,,,85043413,English language,function,lcsh,,,,,,,,,,,,,,,,,,,,,,,,,,,,,,,,,"PRELIMINARY NOTES TO DOCUMENTS BOOKS AND TRIAL BRIEFS: For purpose of this inventory, Document Books and Trial briefs have been identified merely by the name and number or letter. No attempt has been made to catalog the documents contained therein or to count the pages.",1,,,,,,,,,,,,1,,,,,,,,,,,,,,,,,,,,,1,,,,,,,,
,,mt839rq8746,,tt661rf4798,British Trial Brief: Franz von PAPEN,H-1170,3,Item,,1,,,,,,,,,,,,,,,,,,,,,,,,,,,,,,,,,,,,,,,,,,,,,,,,,whole,1,item(s),23 pages,Folders,,,,,,,,text,box,9,,,,,,,,,,,,,,,,,https://purl.stanford.edu/tt661rf4798,1,,,,,,,,,,,,,,,,,,,,,,,,,,,,,,,,,,,,,,,,,,,85043413,English language,function,lcsh,,,,,,,,,,,,,,,,,,,,,,,,,,,,,,,,,"PRELIMINARY NOTES TO DOCUMENTS BOOKS AND TRIAL BRIEFS: For purpose of this inventory, Document Books and Trial briefs have been identified merely by the name and number or letter. No attempt has been made to catalog the documents contained therein or to count the pages.",1,,,,,,,,,,,,1,,,,,,,,,,,,,,,,,,,,,1,,,,,,,,
,,mt839rq8746,,qz296rn2216,British Trial Brief: Constantin von NEURATH,H-1174,3,Item,,1,,,,,,,,,,,,,,,,,,,,,,,,,,,,,,,,,,,,,,,,,,,,,,,,,whole,1,item(s),17 pages,Folders,,,,,,,,text,box,9,,,,,,,,,,,,,,,,,https://purl.stanford.edu/qz296rn2216,1,,,,,,,,,,,,,,,,,,,,,,,,,,,,,,,,,,,,,,,,,,,85043413,English language,function,lcsh,,,,,,,,,,,,,,,,,,,,,,,,,,,,,,,,,"PRELIMINARY NOTES TO DOCUMENTS BOOKS AND TRIAL BRIEFS: For purpose of this inventory, Document Books and Trial briefs have been identified merely by the name and number or letter. No attempt has been made to catalog the documents contained therein or to count the pages.",1,,,,,,,,,,,,1,,,,,,,,,,,,,,,,,,,,,1,,,,,,,,
,,mt839rq8746,,xp101zw4525,British Trial Brief: Rudolf HESS,H-1177,3,Item,,1,,,,,,,,,,,,,,,,,,,,,,,,,,,,,,,,,,,,,,,,,,,,,,,,,whole,1,item(s),37 pages,Folders,,,,,,,,text,box,9,,,,,,,,,,,,,,,,,https://purl.stanford.edu/xp101zw4525,1,,,,,,,,,,,,,,,,,,,,,,,,,,,,,,,,,,,,,,,,,,,85043413,English language,function,lcsh,,,,,,,,,,,,,,,,,,,,,,,,,,,,,,,,,"PRELIMINARY NOTES TO DOCUMENTS BOOKS AND TRIAL BRIEFS: For purpose of this inventory, Document Books and Trial briefs have been identified merely by the name and number or letter. No attempt has been made to catalog the documents contained therein or to count the pages.",1,,,,,,,,,,,,1,,,,,,,,,,,,,,,,,,,,,1,,,,,,,,
,,mt839rq8746,,hz145jq0534,"U.S. Trial Brief AA, Gestapo & SD",H-1221,3,Item,,1,,,,,,,,,,,,,,,,,,,,,,,,,,,,,,,,,,,,,,,,,,,,,,,,,whole,1,item(s),87 pages,Folders,,,,,,,,text,box,11,,,,,,,,,,,,,,,,,https://purl.stanford.edu/hz145jq0534,1,,,,,,,,,,,,,,,,,,,,,,,,,,,,,,,,,,,,,,,,,,,85043413,English language,function,lcsh,,,,,,,,,,,,,,,,,,,,,,,,,,,,,,,,,"PRELIMINARY NOTES TO DOCUMENTS BOOKS AND TRIAL BRIEFS: For purpose of this inventory, Document Books and Trial briefs have been identified merely by the name and letter. No attempt has been made to catalog the documents contained therein or to count the pages.",1,,,,,,,,,,,,1,,,,,,,,,,,,,,,,,,,,,1,,,,,,,,
,,mt839rq8746,,nr944wy9738,U.S. Trial Brief BB: Ernst KALTENBRUNNER,H-1223,3,Item,,1,,,,,,,,,,,,,,,,,,,,,,,,,,,,,,,,,,,,,,,,,,,,,,,,,whole,1,item(s),26 pages,Folders,,,,,,,,text,box,11,,,,,,,,,,,,,,,,,https://purl.stanford.edu/nr944wy9738,1,,,,,,,,,,,,,,,,,,,,,,,,,,,,,,,,,,,,,,,,,,,85043413,English language,function,lcsh,,,,,,,,,,,,,,,,,,,,,,,,,,,,,,,,,"PRELIMINARY NOTES TO DOCUMENTS BOOKS AND TRIAL BRIEFS: For purpose of this inventory, Document Books and Trial briefs have been identified merely by the name and letter. No attempt has been made to catalog the documents contained therein or to count the pages.",1,,,,,,,,,,,,1,,,,,,,,,,,,,,,,,,,,,1,,,,,,,,
,,mt839rq8746,,wx446ff1513,U.S. Trial Brief FF: Against the Defendant Hans FRANK,H-1227,3,Item,,1,,,,,,,,,,,,,,,,,,,,,,,,,,,,,,,,,,,,,,,,,,,,,,,,,whole,1,item(s),37 pages,Folders,,,,,,,,text,box,11,,,,,,,,,,,,,,,,,https://purl.stanford.edu/wx446ff1513,1,,,,,,,,,,,,,,,,,,,,,,,,,,,,,,,,,,,,,,,,,,,85043413,English language,function,lcsh,,,,,,,,,,,,,,,,,,,,,,,,,,,,,,,,,"PRELIMINARY NOTES TO DOCUMENTS BOOKS AND TRIAL BRIEFS: For purpose of this inventory, Document Books and Trial briefs have been identified merely by the name and letter. No attempt has been made to catalog the documents contained therein or to count the pages.",1,,,,,,,,,,,,1,,,,,,,,,,,,,,,,,,,,,1,,,,,,,,
,,mt839rq8746,,rz002db9746,U.S. Trial Brief GG: The Individual Responsibility of the Defendant Hjalmar SCHACHT,H-1230,3,Item,,1,,,,,,,,,,,,,,,,,,,,,,,,,,,,,,,,,,,,,,,,,,,,,,,,,whole,1,item(s),45 pages,Folders,,,,,,,,text,box,11,,,,,,,,,,,,,,,,,https://purl.stanford.edu/rz002db9746,1,,,,,,,,,,,,,,,,,,,,,,,,,,,,,,,,,,,,,,,,,,,85043413,English language,function,lcsh,,,,,,,,,,,,,,,,,,,,,,,,,,,,,,,,,"PRELIMINARY NOTES TO DOCUMENTS BOOKS AND TRIAL BRIEFS: For purpose of this inventory, Document Books and Trial briefs have been identified merely by the name and letter. No attempt has been made to catalog the documents contained therein or to count the pages.",1,,,,,,,,,,,,1,,,,,,,,,,,,,,,,,,,,,1,,,,,,,,
,,mt839rq8746,,nn208yg4861,U.S. Trial Brief HH: The Individual Responsibility of the Defendant Walter FUNK for Crimes Against Peace and Crimes Against Humanity,H-1232,3,Item,,1,,,,,,,,,,,,,,,,,,,,,,,,,,,,,,,,,,,,,,,,,,,,,,,,,whole,1,item(s),42 pages,Folders,,,,,,,,text,box,11,,,,,,,,,,,,,,,,,https://purl.stanford.edu/nn208yg4861,1,,,,,,,,,,,,,,,,,,,,,,,,,,,,,,,,,,,,,,,,,,,85043413,English language,function,lcsh,,,,,,,,,,,,,,,,,,,,,,,,,,,,,,,,,"PRELIMINARY NOTES TO DOCUMENTS BOOKS AND TRIAL BRIEFS: For purpose of this inventory, Document Books and Trial briefs have been identified merely by the name and letter. No attempt has been made to catalog the documents contained therein or to count the pages.",1,,,,,,,,,,,,1,,,,,,,,,,,,,,,,,,,,,1,,,,,,,,
,,mt839rq8746,,bk938nw5840,U.S. Trial Brief II: The Individual Responsibility of the Defendant Baldur von SCHIRACH,H-1234,3,Item,,1,,,,,,,,,,,,,,,,,,,,,,,,,,,,,,,,,,,,,,,,,,,,,,,,,whole,1,item(s),31 pages,Folders,,,,,,,,text,box,11,,,,,,,,,,,,,,,,,https://purl.stanford.edu/bk938nw5840,1,,,,,,,,,,,,,,,,,,,,,,,,,,,,,,,,,,,,,,,,,,,85043413,English language,function,lcsh,,,,,,,,,,,,,,,,,,,,,,,,,,,,,,,,,"PRELIMINARY NOTES TO DOCUMENTS BOOKS AND TRIAL BRIEFS: For purpose of this inventory, Document Books and Trial briefs have been identified merely by the name and letter. No attempt has been made to catalog the documents contained therein or to count the pages.",1,,,,,,,,,,,,1,,,,,,,,,,,,,,,,,,,,,1,,,,,,,,
,,mt839rq8746,,yq314qz9718,U.S. Trial Brief JJ against the Defendant Martin BORMANN,H-1236,3,Item,,1,,,,,,,,,,,,,,,,,,,,,,,,,,,,,,,,,,,,,,,,,,,,,,,,,whole,1,item(s),39 pages,Folders,,,,,,,,text,box,11,,,,,,,,,,,,,,,,,https://purl.stanford.edu/yq314qz9718,1,,,,,,,,,,,,,,,,,,,,,,,,,,,,,,,,,,,,,,,,,,,85043413,English language,function,lcsh,,,,,,,,,,,,,,,,,,,,,,,,,,,,,,,,,"PRELIMINARY NOTES TO DOCUMENTS BOOKS AND TRIAL BRIEFS: For purpose of this inventory, Document Books and Trial briefs have been identified merely by the name and letter. No attempt has been made to catalog the documents contained therein or to count the pages.",1,,,,,,,,,,,,1,,,,,,,,,,,,,,,,,,,,,1,,,,,,,,
,,mt839rq8746,,wy594wn0164,U.S. Trial Brief KK against the Defendant Arthur SEYSS-INQUART,H-1238,3,Item,,1,,,,,,,,,,,,,,,,,,,,,,,,,,,,,,,,,,,,,,,,,,,,,,,,,whole,1,item(s),92 pages,Folders,,,,,,,,text,box,11,,,,,,,,,,,,,,,,,https://purl.stanford.edu/wy594wn0164,1,,,,,,,,,,,,,,,,,,,,,,,,,,,,,,,,,,,,,,,,,,,85043413,English language,function,lcsh,,,,,,,,,,,,,,,,,,,,,,,,,,,,,,,,,"PRELIMINARY NOTES TO DOCUMENTS BOOKS AND TRIAL BRIEFS: For purpose of this inventory, Document Books and Trial briefs have been identified merely by the name and letter. No attempt has been made to catalog the documents contained therein or to count the pages.",1,,,,,,,,,,,,1,,,,,,,,,,,,,,,,,,,,,1,,,,,,,,
,,mt839rq8746,,pf574hf8681,U.S. Trial Brief LL against the Defendant Wilhelm FRICK,H-1240,3,Item,,1,,,,,,,,,,,,,,,,,,,,,,,,,,,,,,,,,,,,,,,,,,,,,,,,,whole,1,item(s),51 pages,Folders,,,,,,,,text,box,11,,,,,,,,,,,,,,,,,https://purl.stanford.edu/pf574hf8681,1,,,,,,,,,,,,,,,,,,,,,,,,,,,,,,,,,,,,,,,,,,,85043413,English language,function,lcsh,,,,,,,,,,,,,,,,,,,,,,,,,,,,,,,,,"PRELIMINARY NOTES TO DOCUMENTS BOOKS AND TRIAL BRIEFS: For purpose of this inventory, Document Books and Trial briefs have been identified merely by the name and letter. No attempt has been made to catalog the documents contained therein or to count the pages.",1,,,,,,,,,,,,1,,,,,,,,,,,,,,,,,,,,,1,,,,,,,,
